text,id,media,metadata
"VOTÉ POU TO PÉI
VOTÉ POU LAGWIYANN
VOTÉ POU TO KÔ
VOTÉ ACHILLE Armand
Iméy : email@example.com
MOUN KAYENN, MOUN MAKOURYA, MOUN MO PÉI
Annan chak tan di éléksyon zot souvan ka tandé di : « Voté pou mo, tout zot lavi ké chanjé, zot lavi ké lavi zot pitit ké vini pi bél. »
Chak kou zot ka pri ké yé bél darloz, lontan apré moun-yan éli, zot lavi ka rété annan so mêm mimisouk. Zafè nou Péi LAGWIYANN pa konté, anko pi mal ! Chak jou nou ka rélé, Péi-a pyé pou tét.
Annan nou sistém a lalwa ki tout, nou problèm annan nou péi a fransé ki ka fé lalwa alôr ki fransé pa konèt noupa Péi LAGWIYANN.
Pép fransé ké chwézi pasé senk san swasant (560) moun pou voté lalwa pou LAGWIYANN, LAGWIYANN pa konèt yé pyès.
Fô nou alé di dépité fransé-ya panga voté lalwa pou Péi yé pa janmen konét. Pou nou sir yé tandé nou, fodrè nou maché toupatou asou laté pou fé tout nasyon tandé nou osi. Bay nou roun fors, nou ké fè sa pou nou Péi LAGWIYANN.
Jodla si nou chanjé nou fason ké léta fransé nou ké pouvé fè li konprann ki a GWIYANNÈ ki divét fé lalwa an LAGWIYANN Si nou pa rivé fè sa gran bônô a gadé nou ké gadé nou konpangnen pédi Péi-a, annou lanmen, piti-piti.
Roun Péi kou LAGWIYANN ki gangnen dé san senkant mil (250 000) moun pou katr ven dis mil (90 000) km² ké tout so richés natirél (Danbwa, Lanmè, Lô, Pétrol, etc. ;) pa pouvé siporté tousa traka (chomaj, bandi, koripsyon, trafik ladrog etc.…) li konét jodla.
Pésonn pa ké chanjé sa sityason pou nou. A nou li ka gennen, a nou rounso ki pouvé chanjé li. Nou divét bay nou Péi LAGWIYANN roun sans. Nou konèt so mérs, so listwè, nou savé kisa ki so lavi, nou konèt ki fason so latér ké so dilo fika.
Nou gangnen roun sél Péi. Li gangnen roun sél mwayen :
A nou GWIYANNÈ ki pou fé LALWA annan nou PÉI.
VOTÉ POU TO PÉI
VOTÉ POU LAGWIYANN
VOTÉ POU TO KÔ
VOTÉ ACHILLE Armand
« La résistance à l’oppression est un droit naturel »",<urn:uuid:a75ceea1-b219-4638-8e00-02acb367c1db>,[],"{'dump': 'CC-MAIN-2013-20', 'url': 'http://www.montraykreyol.org/spip.php?article316', 'date': '2013-05-19T02:59:21Z', 'file_path': 's3://commoncrawl/crawl-data/CC-MAIN-2013-20/segments/1368696383160/warc/CC-MAIN-20130516092623-00052-ip-10-60-113-184.ec2.internal.warc.gz', 'language': 'gcr', 'language_score': 0.9995645880699158, 'language_script': 'Latn', 'minhash_cluster_size': 7, 'top_langs': '{}', 'wordlist_ratio': 0.027932960893854747}"
"Lé ven senk(25) mè démildis(2010) tout éléktér Sirinamyen té envité chwézi yé riprézantan annan tout yé gran sanblé.
Li gangnen trwa sanblé : konséy lokal ki ganyen sétsan senkant dé(752) moun, konséy distrikt ki ganyen sanséz (116)moun, parléman ki ganyen senkant ké roun (51)moun.
Dépi lannen milnéfsankatrven onz(1991) chak senk lannen li ganyen éleksyon jénéral.
Sa kou a asou senksan mil(500 000) sirinamyen trwa san trant mil (330 000)moun té an drwa di voté.
Li ganyen pasé swasant dis asou san(70%) moun ki alé voté sa ka ka fé pasé désan trant é roun mil (231 000) moun.
Nou ka raplé zot ki pou nou péi LAGWIYANN pou zafé vot annan konséy réjyonal,lé ventéen mars démildis(21 mars 2010) trant katr mil(34 000) moun rounso ki alé voté asou swasantwit mil (68 000), jiskont senkant asou san (50 %) moun ki enskri.
Pou SIRINAM swasantdis asou san sirinamyen andrwa alé voté, swasantdis asou san élektér ka voté.
Pou LAGWIYANN vensenk asou san moun rounso ki ka viv annan péi yé non marké asou list vot yan, senkant asou san di sa moun yan pa mém ka déplasé pou alé voté……….
Men rézilta yan annan parléman :
MEGACOMBINATIE di Dési BOUTERSE trapé ventrwa (23) moun
NIEW FRONT di Ronald VENETIANN (sortan) trapé katorz (14) moun
A COMBINATIE di Ronny BRUNSWIJK trapé sét (7) moun
VOLKS ALLIANTIE di Paul SOMOHANDJO trapé sis (6) moun
DOE di Karl BREEVELD trapé roun (1 ) moun
Annan konséy distrikt, MEGACOMBINATIE trapé swasant katr(64) moun asou sanséz(116)
Annan konséy lokal, MEGACOMBINATIE trapé katr san disnéf (419) moun asou sétsan senkant dé(752)
La MEGACOMBINATIE ké so lidér Dési BOUTERSE rivé ké patché vwa mém douvan tout sé rot kandida yé trapé roun vayan viktwar, pésonn pa pouvé plédé kont sa.
Li té ganyen pasé san(100) obsérvatér di dé(2) organizasyon enternasyonal OEA (organizasyon ditout nasyon tout lamérik) é KARIKOM (lakominoté di la karayib).Lô la frans ka organizé éleksyon annnou péi LAGWIYANN li pa ganyen pyés obsérvatér pou véyé si tout bagaj ka byen pasé. A konran dépi nanni-nannan li ganyen biro vot ki ka voté touproch san moun asou san moun(100%) pou mém kandida ya ?!!!!!!
Laoland ké lafrans té biské toubonnman travay yé sérvis éspésyal pa té mennen rézilta yé mém té ka éspéré.
Pép Sirinamyen chwézi so réprézantan ké sopa lidé yé pa kouté sa laoland ké lafrans té ka di.
Kou prézidan Larépiblik SIRINAM éli o sifraj inivérsél endirekt asou modél nou présidan konséy jénéral.
fransé ké olandé ya té ka kontinyé gadé si yé té ka kontré chwa pép Sirinamyen.
Mé awa lô nouvo parléman Sirinamyen kontré yé chwézi dé mandanm pou dirijé yé gransanblé.
Mandanm Jenifer GEERLING–SIMONS di la MEGACOMBINAIE kou prézidant ké mandanm Ruth WIJDENBOSH di NIEW FRONT ala visprézidans.
Lé dis néf jwiyé démil dis(19/07/2007) sa jou parléman-a chwézi pou éleksyon laprésidans, li té ganyen dé(2) kandida.
Pou laMEGACOMBINATIE, Dési BOUTERSE pou la prézidans ké Robert AMEERALI (an fonksyon kou prézidan di laCCI Sirinamyenn) pou lavisprézidans
Pou léNIEW FRONT; Chandrikapesad SANTOKHI (minis lapolis ké lajistis annan gouvérnéman VENEETIANN) pou la prézidans ké Grégory RUSLAND (minis di richés péi a) pou la visprézidans
Annan parléman Sirinamyen lamajorité a vennsis vwa mé pou to sa éli prézidan ké visprézidan fodré to trapé roun majorité kalifyé di dé asou trwa (2/3) sa ka fé trant katr(34) vwa.
Si parléman pa ka rivé chwézi roun prézidan ké roun visprézidan annan sa kondisyon apré dé tour, lékonséy popilér (parléman plis konséy distrikt plis konséy lokal néf san karant néf « 949 » éli) ki ka chwézi laprézidans ala majorité.
Lalwa Sirinam fét konran pou li ganyen alyans ké diféran fors politik pou travay ansanm-ansanm pou péi a.
Dé DÔKÔ di Nou VWAZEN LéSIRINAM, Ronald VENEETIAN ké DESI BOUTERSE anvan pouvwar chanjé lanmen
Roun sél tour té sifi annan parléman Sirinamyen pou ki volonté lépép Sirinamyen té fét. Dési BOUTERSE ké trant sis (36)vwa asou senkant (50) té ka pran laswit di Ronald VENEETIAN ki fini so déziém manda.
DESI BOUTERSE, PRéZIDAN
Laoland ké lafrans pouvé bégayé pép Sirinamyen chwézi sopa moun pou mennen zafé so péi pou sé senk lannen ki ka vini.
Si nou ka byen kalkilé nou mém nou tro bokou ka voté pou kandida ki moun dérô chwézi pou nou.
Sa douz out dé mil dis(12/08/2010) annan éstad ANTHONY NESTY(chanpyon olenpik anna najé LOS ANGELES 1984) roun délégasyon patryot GWIYANé ké alé bay lanmen ké lavwa pou lé pép SIRINAMYEN ki bay ou roun bél lison vayans.
Nou pakô savé ki jou lafrans ké chapé di nou péi LAGWIYANN mé li ké chapé roun jou, pi bono li té ké pibon. Mé nou sir ki rot bô MARONI a toujou ké SIRINAM. Ayé nou té ansanm-ansanm, jodla nou ansanm-ansanm, dimen nou ké toujou ansanm=ansanm.Fo janmen bliyé sa fo nou sasé savé sa ki ka pasé koté yé.
A ROUN LANMEN KI LAVé ROT
ACHIL Arman",<urn:uuid:466cbd4c-2ac3-428c-be47-7542f3a43441>,[],"{'dump': 'CC-MAIN-2016-50', 'url': 'http://rotkoze.com/2010/08/sirinam-eleksyon-jeneral-pep-a-chwezi-sopa-moun-308', 'date': '2016-12-04T06:10:40Z', 'file_path': 's3://commoncrawl/crawl-data/CC-MAIN-2016-50/segments/1480698541214.23/warc/CC-MAIN-20161202170901-00061-ip-10-31-129-80.ec2.internal.warc.gz', 'language': 'gcr', 'language_score': 0.9943400621414185, 'language_script': 'Latn', 'minhash_cluster_size': 3, 'top_langs': '{}', 'wordlist_ratio': 0.013513513513513514}"
"Communique de presse du 16 octobre 2013
ALE LAVE TO PYE, RAFAYEL!!
BABUN MOFU E KII BABUN, GO WACHI YU FUTU!!
Palò lòvri pou mouché RAfayèl Kònfyan
Mouché Kònfyan,
Si ou té doumandé eskiz tousenpléman, mo pa té ké pran tan ékri ou. Oun moun, so lang ké so lanmen pouvé dépasé so lidé. I ka eskizé, nou ka eskizé li.
A pa sa ou fè. Ou ka kòntinwé di ké ékri ki moun Lagwiyann ki ka briga pou liniversité-a yé tèbè, kouyon ké rasis. Ou ka pézé asou zafè rasis-a épi ou ka di yé ka swiv lidé mouché Jules Linguet mété annan so liv.
Problenm i gen a ki sa moun ka briga pou liniversité-ya, a gwiyané ké moun ki pa gwiyané, étidjan, profésò, administratif ké ròt moun ankò. A pa dé (2) moun, a bon moso di nou popilasyon ki organizé pou sa zafè-a. San kònté tousa ki dibout déyè yé, i té gen pròch 2000 moun annan lari Kayenn bonmanten-an 15 oktobr 2013.
A sa ou marké annan mèl ou voyé bay ou kanmarad, nou kònnèt li kréyòl, é a sa ou ka kòntinwé ékri ankò. Kidonk a byen roun pèp ou ka jouré.
Si a té pronmyé fwè ou té ka antré annan kòzé gwiyané-ya, nou pa té ké pran tan ékri ou. Oun moun, so kò pouvé tronpé l’. I ka eskizé, nou ké eskizé li.
Elas sa ka fè trwazyenm kòu !
Pronmyé fwè-a a té pou Rektora-a an 1996. Ou té antré annan oun konba san baton. Konsidiré Gwiyané-ya pa té divèt séparé di Akakémi Antiy-gwiyann, kisasa, kisasa…Finalman nou pran nou bagaj. Lagwadlòup profité pou doumandé sopa. Fransé-ya fè nou péyé l’an 1997. Nou frè martiniké ké gwadoupéyen bay nou lanmen. Atchwelman, alé di roun moun nou pa té divèt briga pou Rektora LAGWIYANN!!!.
Dézyenm kou-a a té pou lagrèv étidjan 2008 a. Ou té annan profésò l’IAG ki té ka di LAGWIYANN pa divèt soti di Liniversité. Nou chak nou trop piti pou nou séparé. Gadé Westindiz kifason yé ka roulé. Menm pou palé ké fransé-ya miyò nou rété ansanm, kisasa, kisasa… Finalman étidjan-yan trapé roun zafè otonomi. Mé jodla i ka sanblé i fonn !
Atò-a, mè ou ankò ka mété oukò antravè di nou chimen, anplis ou ka jouré nou ! E ou pa prézidan, nou pa doumandé ou annyen, nou pa nonmen ou non.
Lala-a, a pou nou di ou : « tout jwé a jwé, kasé bwa a gogo makak a pa jwé !! »
A pou roun moun dibout pou di ou : « rété trankil, a roun bon rémèd… ».
A pousa mo ka ékri ou pou di ou kònsa véyé sa ou ka di, véyé sa ou ka ékri. « An kout lang pi fò ki an kout lans » a zòt menm ka di sa. Nou menm pouvé di ou « dilò tonbé pa ka ranmasé ».
Kidonk, roun moun ki rivé kòté ou rivé, gran ékriven, gran mèt kréyòl, roun moun bokòu annan nou té ké poté anlè, ou pa pouvé mété oukò annan sa sitiasyon-an.
Kisa ké pasé dapré ou ? kimoun, até LAGWIYANN, ké pouvé grinyen bay ou apré sa nou wè ou ka di asou nou, déyé nou do. kimoun ?? Ou ka di moun-yan pa gen nivo, yé pa ké trapé pos, ou ka jouré yé, ou ka testé pou di yé rasis, yé zénofob,ou ka di a pa tout moun ou jouré a oun ran ounso . Ou ka kòntinwé di Gwiyané-ya pa divèt gen yé liniversité. Ou boulé tout ou kart …
Bò di zafè zénofòb-a. Pyèsmoun asou latè-a pa pouvé gadé roun gwiyané an mitan so kòkòwéy pou di li i zénofòb. Pésonn. I ké di sa déyé nou do, pa divan nou. A renki rousouvwè gwiyané ka rousouvwè moun ka soti kòté yé ka soti pou vini sasé lavi kòté nou. Yé tout ka trapé plas, pos, pos politik, tout sa roun moun pouvé gen asou latè. E nou ka viv byen ké yé tout. Pa gen ròt kòté sa ka pasé chwit kòu isi-a.
Ou pé ké anpéché moun voyé pyé lò yé ka santi présyon-an tro fò. Ou pé ké anpéché moun fè lakronik. I gen sa ki fè chanté asou sentlisyen « limonad ké dipen, anglé débarké », i pa gen nasyon gwiyanè pibyen ké yé pasé sentlisyen !! Ou pé ka anpéché moun charadé , a kònsa yé aplé martiniké ki maron montang Pélé-a : « Do boulé », pas a chalò volkan-an ki fè yé rivé kayenn. Nou bay yé latè, lòvri kònmin Monjoli pou yé, fè estati. Jouk jodla martiniké ké gwiyanen ka kontré, swè martinik, swè lagwiyann pou priyè, palé, pou yé pa bliyé kouman roun idé ròt.
Mo pa ka menm palé di ròt kònba koté pép gwiyané-a montré kouman i ka mété solidarité divan, kouman i ka défann moun kiséswa yé nasyon.
A pa nou fot si Mouché Dorville sa roun Gwadloupéyen ké mouché Fotsin sa roun Afriken ! Nou pa mélé ké koté yé soti, dipi yé fè yé travay byen. Moun liniversité-ya voté bay yé, jodla yé anflé ké yé, yé pa lé wè yé . A pa pronmyé fwè sa ka fèt . A pa yé nasyon moun-yan ka réproché a yé travay !! yé di sa toupatou, laradjo, latélé. Koté ou fika-a ou konnèt pasé moun-yan sa ka siporté ? Kou a ou kolèg profésò ou pa ka tandé. Ou miyò di a rayi moun-yan rayi yé !!.
Enben, nou pa lé pyésmoun bay nou pyès léson asou zénofobi. Pyés, pyès, pyès. Gadé divan ou lapòt, gadé divant zòt lapot épi « rété trankil a roun bon rémèd ».
Ou ka ékri mouché zandronis pou di li tèlman Gwiyanè mové préfè-a oblijé mété gardkòr òbò martiniké pou gwiyané pa blésé yé. Lésé mo pibliyé sa annan lari Kayenn pou ou tandé sa moun ké di. Ou di ou ka vini kayenn tanzantan, véyé ou pa pran dé bikòk ké sa parol-a ! Protchirè Bek té ka dansé koté Nana an 1998, nou pa piké l’, a 2 profésò liniversité ka vini négosyé nou ké baré annan lari !!! mé kimoun zòt sa pou nou okipé di zòt kònsa ! Désann timoso, désann. Bagaj-a ka monté a ou tèt. Désann moso.
Pou zafè liniversité-a. Mo chèr mouché, di kou nou gangan-yan, ki ou lé, ki ou palé, nou ké gen nou liniversité. A nou sa ka gadé. Pa benzwen gen lapenn pou nou, nou wonm ké fanm pou noukò. Grémési, souplé. Lésé nou fè nou bagaj, nou pa ka antré annan oupa. Lagwiyann a roun gran péy, i ka fè grando Portigal. Nou gen 350000 moun. Lanmotché pa gen 20 lannen asou yé tèt. Chak lannen nou popilasyon ka pran 4-6%. Lagwiyann pa ni an frans, ni an Erop. Nou ka fè parti di plato Lagwiyann-yan ansanm ké lès di Vénézwéla, Gwiyana, Sirinam, ké Norwès Brésil. Nou byen ka bordé ké lakarayib, mé sirtou, nou sidamériken, amazonyen. Ou menm, ou a 2000 km, lésé nou fè nou bagaj, mo chèr mouché. Di Lafrans mersi ki fè si nou ka fofilé ké ou konsa. Sélon rézilta lagèr éropéyen-yan fè isi-a, pitèt a ké barbadjen, périvyen swè Dominiken nou té ké tchenbémen. Alòr, lésé nou fè nou chimen, mo chèr mouché. Pa mété oukò antravè souplé, grémési.
Kanta pou mouché Jules linguet, lésé mouché-a bat so mizé. Sa ka fè 10 lannen so liv soti. Moun voyé pyé pas journal Ròt kòzé té doumandé moun alé li sa liv-a. Artik Mouché Paradi ka daté di 2003. Pa antré annan nou zafè. Nou pa ka boulé liv isi-a. Moun-an Gwiyané, i ékri roun liv pou bay so lidé asou zafè kréyòl annan nou péy-ya. I gen drwè. A pa tout bagaj ka bon pou tout moun lò roun moun ka ékri. Sa ki pa dakò gen drwè pa dakò. Mè a pou li liv-a, a pou li tout, pou ou vé pran sa ki bon pou ou. A konsa déba-a fèt isi-a. Ròt moun kritiké li osi. I réponn. A konsa nou ka fè. I ja gen 10 lannen. Mouché-a pa sa ou kòrparans, i pa annan pyès asosyasyon, pyès parti politik, i fè so liv, i gen rézon, nou ké défann so drwè di ékri bay so pèp. Bon, mé a pa sa ki tout ! Ou ka di mouché Zandronis konsa Laurent Linguet sa pitit mouché Jules Linguet. Kisa sa lé di ? Papa-a mété so lidé annan disan so timoun ? Mouché Laurent Linguet pa gen sopa tèt, sopa lespri ? A grannom-an ka dirijé l’ ? Epi Laurent menm ka vlopé tout larestan moun liniversité-ya ké lidé so papa. Talò ou ké di nou papa-a pyay yé tout !!
Non, mouché Konfyan, ou ka poté non-an mé nou pa pouvé fé ou konfyans ankò. Ou di tròp, ou ékri tròp.
Pou fini, sa byen tris. Fransé-ya divèt ka bat lanmen lò yé ka gadé ou ka jouré nou, ka testé ké nou. Yé pa benzwen la, ou ja ka fè travay-a. Martiniké ké gwadlòupéyen nou zanmi-yé divèt ronté ou.
Oun sèl bèt nou pouvé di ou ankò, nou tout ansanm, tout moun lagwiyann tout nasyon :
« SOTI LA, RAFAYEL, ALE LAVE TO PYE !»
Le Secrétaire Général du MDES,
Fabien CANAVY",<urn:uuid:db5e1e9c-cd46-4030-822f-557f8fb844bb>,[],"{'dump': 'CC-MAIN-2016-50', 'url': 'http://rotkoze.com/2013/10/ale-lave-to-pye-rafayel-1573', 'date': '2016-12-04T06:08:38Z', 'file_path': 's3://commoncrawl/crawl-data/CC-MAIN-2016-50/segments/1480698541214.23/warc/CC-MAIN-20161202170901-00172-ip-10-31-129-80.ec2.internal.warc.gz', 'language': 'gcr', 'language_score': 0.9999728202819824, 'language_script': 'Latn', 'minhash_cluster_size': 3, 'top_langs': '{}', 'wordlist_ratio': 0.018145161290322582}"
"1)LONI : POUKISA LAGWIYANN NOU PA ANNAN SA ?
Lé vent sis (26) séktanm dé mil sét (2007),annan vil Nouyork péi LÉZÉTAZINI, so sièj, LONI ( LOrganizasyon Nasyon Ini) tchenbé so swasant dézyém(62éme) gran kontré dépi lannen mil néf san karant sis (1946).
Li té gangnen pasé san senkant(150) chéf Déta ouben chéf gouvèlman, mé tout réprézantan san katréven douz(192) Nasyon manm LONI-ya té ka swiv déba-ya asou zafé lapolitik, léconomi, sosyal, lasanté, lasékirité, éksétéra… di tout Nasyon annan LÉMOND
Nou savé li gangnen tout kalité Nasyon. Nasyon ki gangnen bokou moun ké bokou laté ; Nasyon ki gangnen bokou moun ké ti moso laté, Nasyon ki pa gangnen tro bokou moun kou LAGWIYANN, Nasyon ki gangnen tro bokou soumaké ; Nasyon ki pa gangnen. Mé tout Nasyon a Nasyon.
Nou tandé chéf Déta Nasyon BRÉZIL doumandé plis démokrasi pou LONI, ké roun plas annan konsèy sékirité ki sa gouvènman LONI.
Roun patché rot Nasyon pa lé tandé palé di « Drwa Véto » anko. Senk Nasyon (Langlétér, Lachinn, Lézétazini, lafrans, Larisi) ka fè déyé, a yé rounso ki gangnen sa drwa-a pou baré désizyon ki pa ka alé annan yé sans… … … Nou té ké kontan LONI fronmen chapit déziém lagèr « mondjal », swasant(60) lannen pita.
Pannan sa swasant déziém (62éme) gran kontré nou tandé Prézidan LIRAN fé roun gran palô asou zafé larm nikléèr. Li fé nou konprann ki sa plis roun féblés ki roun fors pou roun Nasyon.
LÉZÉTAZINI pédi lagér kont vayan Nasyon VYÉTNAM, yé tou proch pédi lagér yé ka mennen jodla asou laté Nasyon LIRAK. Yé patché bomb nikléèr pa ka sérvi angnen : lafrans ja pédi lagér kont Nasyon LALJÉRI, Nasyon LAKANAKY tou proch trapé so LIBERTÉ…..kont lidé léta fransé ké sopa bomb nikléèr. Fo nou byen kalkilé anlé sa.
Mouché Évo MORALES prézidan LABOLIVI fé roun bél palô asou lajistis ékonomik. Li palé di gro sosyété gran Nasyon ka pran tout richés laté Nasyon pi féb-ya pou prés bontchô. San kalkilé traka yé ka lésé pou pép Péy-a. Li doumandé dirijan gran Nasyon kozé séryé ké gro tchap gro sosyété yé Péy pou fini ké sa fason. Roun ran Nasyon pa pouvé mouri di lafen pannan tan dé trwa rot Nasyon ka mouri di manjé tro bokou ; Fo LONI travay pou kasé sa sistém… …. …. Men bél PALÔ, Annou wè !
Nou lovri tout journal pou gadé si nou té ka wé ouben tandé réprézantan LAGWIYANN ! ANWA.
Asou swasant dé (62) gran kontré di LONI, nou pa fé roun, nou pa menm gangnen roun kajibi annan bidim latour LONI annan vil Nouyork-a. siplétif-ya moyo alé fè panzou alantou Lérop pasé yé gadé zafé LAGWIYANN annan so mitan.
LAGWIYANN sa roun bél Nasyon, so pép a roun vayan pép. Ki sa ki ka fé nou pa andrwa alé palé LONI ké tout rot Nasyon-ya ?
2)A.D.N
moun ké moun, bét ké bét ; Nou sa moun nou pa andrwé fè kou bét
Fanmi a pa disan rounso, mém si disan pès psé dlo, nou gangnen gran fanmi nou ka trapé ti fanmi osi. Pitit a pitit menm si disan diféran.
Pou byen konprann rôt jou-a si yé té gadé zafé A.D.N pou lésé ti-moun yan rantré annan palé lélizé nou kré roun ran timoun nou wé pa gangnen menm disan ké mouché ki trapé drwa di viv annan palé lélizé atchwélman. Mé li gangnen rézon pas a so fanmy. Menm si a pa tout nann yé ka aplé Martin.
Poukisa rot ran moun pa té ké andrwé di viv ké sopa fanmi ? Lô to ka fé lalwa pou pété tchou nég rounso ! Kouman yé pouvé rélé to : RASIZ.
3) DIKTATIR MILITÉR, DIKTATIR KOLONYAL : MENM BÉT MENM PWÉL
LABIRMANI kou LAGWIYANN mè li diféran osi.
Pri dipen ké gazolinn monté rot toubonnman annan péy LABIRMANI pannantan soumaké moun-yan ka trapé pou yé travay pa ka monté di roun santim.
Kou pou LAGWIYANN koté nou wé Bagét dipen monté jouktan li rivé swasant dis santim (0,70 €) yé di nou a pri farinn lafrans ki monté rot toubonman. Pou gazolin-a pa menm palé li ja pran pasé dis santim (0,10 €) ; kat dérnyé mwa ki pasé-ya a nou yé chwézi pou pèyé zafé norm yé Lérop : « A Koté baryé bas béf ka pasé. »
Annan nou Péy LAGWIYANN pésonn pa di « AN épi GNEN » kousidéré chak GWIYANNÉ, nou té pran pasé trwa pikir-chouval.
Moun labirmani pa kouté yé lapè yé pran yé kouraj pasé yé pran kouri séré. Moun-yan désann an lari pou fé yé gouvènman tandé yé pa dakô ké so politik : Pri ka monté salèr pa ka boujé !
Soda birman mové kou kolon fransé-ya, moun-yan pran kout boutou, kout lakrimojén, bal fizi, éksétéra… …. … Chak jou pép birman-an té pi bokou ka désann a lari.
Mwann boudis-ya té douvan, mé tout pép-a vini kontré ké yé pou di diktatir militér-a : AWA, nou lé zot fini ké sa politik-a !
A konran tout nasyon mélé annan zafé LABIRMANI. Mouché Ibrahim GAMBARI réprézantan éspésyal LONI-a déplasé soko annan kapital LABIRMANI-a, Naypyidaw, pou kozé ké tout moun.
Li gadé si li té pouvé ranjé sityasyon pép Birman-an, lô li doumandé diktatir militér-a pa servi fizi pou tiré asou pép-a anko !
Si nou lé LONI gadé noupa zafé pép GWIYANNÉ-a fo nou chanjé kadans !
Mézanmi ki sa ki ka fè ki nou pa ka rivé fé diktatir kolonyal fransé-a tandé mach ! Pi yé ka pijé nou, pi nou ka fronmen nou bouch.
Nou pa menm ka sonjé sa nou pitit ka sonjé lô yé ka wé nou rété san fé angnen. Yé divét ka kalkilé a kapon rounso li ka rété annan LAGWIYANN.
Moun LAGWIYANN annou pa lésé nou pitit pansé konran tro lontan, nou pa blijé fé gran majô mé kanmêmsa annou fé kichoz pou yé … … … kou nou gangan-ya fé pou nou.
A vrè li gangnen « sélman » karant lannen diktatir militér-a ka fé pép Birman-an wé mizè pannantan a dépi pasé kat san lannen masogan asou nou do.KANMÉMSA, OROYO !
4) LAJISTIS APA LAVANJANS
Ramon tchenbé réd nou la ké to
Roun aksidan kanno fét asou larô larivyé manna lé sét janvyé dé mil sis (07/01/2006) yé té ka sasé to fré toupatou yé pa rivé jwend ké li jiskaprézan .
Lé kenz séptanb dé mil sis (15/09/2006) yé monté roun konplo pou tchenbé to. To toujou tchenbé menm pozisyon-an, to pa gangnen angnen pou wé annan sa aksidan kanno-a
Roun lannen ké roun simenn pasé yé voyé to divan tribinal pou zafé kriminél yé rivé ba to dis lannen lajol an plas to fré. Gidi-gidi pa ka maré pagra
Pou dosyé ki ka pasé annan tribinal zafé kriminél to pou antann o pi bas, trwa-kat lannen anvan to pasé an jijman. Tro présé pa ka fé jou lovri
Di lajistis kolonyal trotinét yé pasé a roun lajistis kolonyal T.G.V, roun sél kou ! Pou fé tchô yé soda kontan
Asou dis témwen, senk ki bité ké to douvan jij-a pannan ankét-a jouré ki a pa to yé té wé. To avoka lévé mové kolé li poko rivé konprann ki yé voyé roun jénjan ki pa fé angnen lajol.
Lo minis koloni fransé-a tandé yé voyé to lajôl li voyé roun lét pou laprés pou li fé savé li kontan toubonnman.
Kou pou Lendochinn, kou pou laljéri, kou pou lakanaky pou léta fransé pouvé trapé soda pou maté pép ka sasé so libérté li kapab voyé jénnjan lajol pou bon tchô… …. …
ACHILLE Armand",<urn:uuid:c9a5e8cb-04ae-444a-bc44-8ce3bcf37cb4>,[],"{'dump': 'CC-MAIN-2016-50', 'url': 'http://rotkoze.com/2007/10/tout-moun-a-moun-tout-nasyon-a-nasyon-330', 'date': '2016-12-04T06:12:33Z', 'file_path': 's3://commoncrawl/crawl-data/CC-MAIN-2016-50/segments/1480698541214.23/warc/CC-MAIN-20161202170901-00195-ip-10-31-129-80.ec2.internal.warc.gz', 'language': 'gcr', 'language_score': 0.9998973608016968, 'language_script': 'Latn', 'minhash_cluster_size': 3, 'top_langs': '{}', 'wordlist_ratio': 0.024640657084188913}"
"Lo nou té wè lit bann moun-yan ki té jwenn annan mouvman politik « GUYANE 73 » nou té savé yé té vini servi yékò pasé yé servi nou Péyi. Nou pa té pouvé pansé byen konran.
Nou savé LAGWIYANN benzwen tout bagaj , toupatou . Nou ka pran dé trwa èkzanp koté nou tout ké tonbé dakò.
Roun lisé enternasyonal SENJORJ pou koléjyen Réjina-Senjorj ké OYAPOKé, ké zafè pon enternasyonal ka janbé LOYAPOK-a té ké sa roun vayan projè ; Roun lisé jénéral ké tèknik asou MARIPASOULA koté tout koléjyen ka rété MARIPASOULA GRAN SANTi PAPAICHTON té ké pouvé fini yé formasyon sékondèr. Men roun bél bagaj pou nou Péy LAGWIYANN !
Jénès LAGWIYANN a richès LAGWIYANN so formasyon a roun soumaké plasé ,si nou ka bay li mwayen, li ké bay nou satisfaksyon.
Zafè larout BELIZON- SAYIL -MARIPASOULA a roun bagaj enportan , nou Péyi pé ké pouvé dévlopé si nou pa pouvé sirkilé toupatou li gannyen bokou moun ka rété , si nou pa pouvé alé sasé richès ki anba latè, si nou pa pouvé mennen an vil tout prodiksyon nou bitasyon.
Kominikasyon a ronté mém ! Nou ka voyé satélit touléjou ké trwa modèl fizé diféran : »Aryann, Soyouz ké Véga », mè laro MARONI téléfonn-an ka maché ké lanmaré, moun-yan ka péyé abonman pou bon tchò. Asou KANMOPI pa menm palé, li pa ganyen mwayen trapé roun téléfonn mé lò li ganyen dé moun branché asou enternèt, trwazyèm moun-an an mod « 404 paj NOT FOUND »
Men sitiasyon nou péyi annan zafé zouti pou dévlopé Péyi-a. A laréjyon ki résponsab, nou pòkò wè yé fé annyen pou ranjé sa. Sa ka fé dé lannen yé an plas ka monté – désann pou manjé soumaké sitwayen-yan.
Mè kantmenm sa :
Nou tandé yé ka fé roun Gran ronpwen pabò MATOURI, lò nou byen gadé patron sosyété travo piblik ki ké charoyé latè so masibòl konséyér Réjyonal…
Nou tandé yé ka fé roun kaz pou tout moun ki vayan annan zafè èspòr, lò nou byen gadé mouché architèk ki trapé marché LaKolektivité Réjyonal, so masibòl Konséyèr Réjyonal…
Nou menm savé roun gran sosyété ka sasé lò, li koté an bours, li rivé trapé roun gro soumaké piblik a lanmen LaKolektivité Réjyonal. Lò nou ka li laprès marké atè nou Péyi LAGWIYANN. Nou gadé ki masibòl prézidan laréjyon louvri roun sosyété pou travay annan zafé lò. DORLEN nou tandé sa non bokou sé dernyé tan annan zafé lò. DORLEN a non plasèr koté sa gran sosyété koté an bours gannyen roun permi d’eksplwatasyon. DORLEN a non masibòl prézidan Laréjyon chwézi pou bay sosyété li louvri.
Nou lèspri an pè nou ka gadé pou wè…
A FÒRS SYO ALE A PI ROUN JOU LI KE RETE
ACHIL Arman
Retrouvez tous les articles du journal Ròt Kozé n°180 téléchargeable ci-dessous :",<urn:uuid:179977e2-4c73-41e4-8447-326efedd77a0>,[],"{'dump': 'CC-MAIN-2016-50', 'url': 'http://rotkoze.com/2012/05/politik-masibol-1060', 'date': '2016-12-10T12:46:46Z', 'file_path': 's3://commoncrawl/crawl-data/CC-MAIN-2016-50/segments/1480698543170.25/warc/CC-MAIN-20161202170903-00069-ip-10-31-129-80.ec2.internal.warc.gz', 'language': 'gcr', 'language_score': 0.9999189376831055, 'language_script': 'Latn', 'minhash_cluster_size': 3, 'top_langs': '{}', 'wordlist_ratio': 0.03017241379310345}"
"KAYENN « MINING SYMPOSIUM »
Poukisa yé rivé fè roun gran kontré asou zafè lô nou péy annan trwa pronmyè jou mwa désanm 2011-an, san li ganyen pyès GWIYANè ka sasé lô ki vini gadé sa ka pasé ?
Li té ganyen délégasyon tout péy « boukliyé GWIYANE »-a : BREZIL, SIRINANM, GWIYANA . Palô-a té rot menm, asou métod travay, ròtò (otér) prodiksyon chak péy ké yé politik minyé. Moun LAGWIYANN ka sasé lô pa té la pou tandé sa.
Pitét pésonn pa té di yé anyen, Pitét yé pa té palé ké yé anvan, Pitét yé pa fè sa gran kontré-aannan yé pa sans.
Pannan dé jou kozman asou zafè min lò-ya, nou pa tandé palé di fason pou viré mété Gwiyanè ladministrasyon fransé mété dérô-ya asou plasèr ya . Yé pa palé trop di zafé koripsyon fonksyonér fransé osi.
Pitét a pa té sa asosyasyon ki monté sa « senpozyom » té ka sasé fè !
Pitét yé té lé manjé soumaké linyon éropéyen, Pitét a yé pa réklam yé té ka sasé fé , Pitét falè té trapé roun sistenm pou di linyon éropéyen-an sa nou ka fé ké soumaké yé ka voyé annan nou péy LAGWIYANN.
Li ganyen roun « pol minyè » ké trwa moun ka travay touléjou ka touché gro soumaké. Li ganyen mwens prodiksyon lô, mwens otorizasyon administratif, mwens Gwiyanè ka travay lô ; a klandestin ké sosyété fransé ka manjé nou lô.
Nou té ké anvi konprann poukisa an tan lô té ka vo sèt éro swasant dé (7,62 éro) li té ganyen pasé san GWIYANè ki ka travay lô épi jodla si to bizwen roun gram lô fodré to soti karant dé éro (42 éro) di to poch . Pitét kou nou pankò té ganyen sa pòl minyè-a sa té miyò pou nou!
Li toujou ganyen kenz mil (15 000)« garimpéros » ka pran lô nou péy pou bontchô. Sa pouvé fé touproch ven tonn (20 TONN) lò ka janbé dlo dèyè nou do.
Pannan sa tan-an, Moun ka vandé pi bokou matéryél pou travay lò-a, ki ganyen entérè annan roun sosyétéi élikoptér, ka prézidé komisyon minyé pou kont chanm konmers ké lendistri LAGWIYANN-an (CCIG) , ki vis prézidan Konséy réjyonal ké délégasyon politik minyé, ében a menm moun-an ké rot kichoz ankô !
Pitét a pousa li ganyen kontwar ka achté lò ki lovri PARAMARIBO ké OYAPOK yé ka aplé « KAROL….. ».
Pitét sa « KAYENN SYMPOSIUM MINING » a té roun réklam politik pou bontchô ké noupa soumaké……………..
TIpoul até li ka graté, mété li asou siman li ka graté kantmenm…………..
PRéZIDAN KONSéY RéJYONAL douvan so jij
Kok-a chanté trwa fwè ! Tribinal konvoké li trwa fwè !
Prézidan konséy réjyonal LAGWIYANN konvoké douvan so jij pou trwazyenm fwè, aprè kenz (15) sèktanm , sis (6) désanm sa maré-a, yé roukonvoké prézidan konséy réjyonal-a , pou ventwit (28) févriyé 2012 a wit (8) ér pou li réponn di so méfè.
Nou pankò lé krè ki lajistis fransé ké chéf group ”GUYANE 73”-a ka fè malen ansanm-ansanm pou li pa réponn di so zak !
Pronmyè kou, so avoka fé jij-a savé li té alé sasé so méday “bon ti soda » a lanmen Sarkozy, dézyenm kou-a, jij-a tonbé malkadi, trwazyém kou-a……. Ôroyo ! Nou ka antann pou tandé.
Mé si yé ka konté asou nou pou bat déyé, yé ka pédi yé tan! Pép LAGWIYANN ké dibout ventwit (28) févryé 2012 pou gadé ki komers lajistis fransé-a ké so « siplétif »-ya ké ofri nou pou gadé si yé ka fronmen nou wéy.
BAT MANMAN A PA ANYEN A DOUMANDé PARDON KI TOUT
Arman ACHIL",<urn:uuid:8719f2ea-6a4e-459c-8012-7c44c83464ed>,[],"{'dump': 'CC-MAIN-2016-50', 'url': 'http://rotkoze.com/2012/02/nouvel-nou-pey-annan-lang-pey-902', 'date': '2016-12-04T06:12:22Z', 'file_path': 's3://commoncrawl/crawl-data/CC-MAIN-2016-50/segments/1480698541214.23/warc/CC-MAIN-20161202170901-00500-ip-10-31-129-80.ec2.internal.warc.gz', 'language': 'gcr', 'language_score': 0.9999130964279175, 'language_script': 'Latn', 'minhash_cluster_size': 3, 'top_langs': '{}', 'wordlist_ratio': 0.01824817518248175}"
"Mo ka sonjé pronmyè fwè mo tandé sa zafè rakaba-a, a té roun traka (dézagréman) pou mo, ti négrès Kayenn.
Yé pwé di mo lonbri planté ròt koté, a pa roun bagaj mo té konnèt. Jodla, mo pwé pawézé, pas mo konnèt sa ki « Rakaba » é mo wè kouman nou gangan-yan té ka fè li. Mo té krè a té roun moso bwa, swè atò roun ròt kichoz mé mo pa jen pansé a té annan pyébwa yé té ka fè « rakaba ». Oroyo.
Sa ka fè dé lannen « Association Recherches Culture Guyanaise » pran désizyon kozé ké nou granmoun-yé pou anprann yé sigré ké bagaj di nou tradisyon. Mouché Mayen (asou Mousénéri) montré nou kouman pou fè kannon tradisyonèl-a.
I gannyen kèkjou, nou désann Mousénéri, nou alé anba danbwa ké li, li montré nou roun bèl pyébwa yé ka aplé parasòl. Mo moun-yan, li té gannyen bèl rasin ; mo gadé li, mo gadé toupatou, mo sasé sa ki « rakaba » épi, granmoun-an di nou, mé li, annan sa pyébwa-a, li ja pran rakaba pou ròt kannon-yan é li pwé bay roun swè dé ankò.
Lò yé fè dé tounen-viré, wonm-yan pozé fizi, Mouché Mayen gadé, tounen, viré, kou nou ka di, pézé soupézé, épi, bwa pou nou alé ; di kou dolo-a : « annou gadé ké ki bwa nou ka fè flèch ».
Tan mo konprann, tronsonéz ka bay, mo ka wè a rakaba bwa-a menm yé ka koupé. Yé pran roun bèl moso 95 cm konsa, byen pès. Lò mo gadé rasin bwa-a, mo té pwé imajiné roun lafinèt. Atò lò to ka gadé, jodla jou, nou ganyen tronsonèz, mé tanlontan, a té rach.
Nou pwé di sa nou lé, lontan moun-yan té pézan, pas mo pa krè roun lo té ké pwé fè, sa nou ka wè nou gangan-yan ka fè jouk atò. Mésyédanm, istwè-a pòkò fini, a pa lou tou di koupé bwa-a, fo nou gadé ki débriyé nou ka fè pou nou bay viré ké rakaba-a, é li ka pézé. Mouché Mayen gadé li, li pran so rach, li tiré moso lapo é annan roun ti moman, li té paré pou sa nou té benzwen.
Wonm-yan sasé lyann, yé sonjé pou charyé-li ké lyann, mé awa ! Sa pa ka maché. Yé sasé, yé propozé, yé éséyé, épi mé li, yé mété rakaba-a asou dé bwa, yé maré li ké lyann-yan, épi yé désann ké li, jouk òbò lari-a.",<urn:uuid:51309d23-10d0-4e75-9fe2-264dd61dad3e>,[],"{'dump': 'CC-MAIN-2016-50', 'url': 'http://rotkoze.com/2010/04/annou-sase-nou-rakaba-15', 'date': '2016-12-10T12:45:46Z', 'file_path': 's3://commoncrawl/crawl-data/CC-MAIN-2016-50/segments/1480698543170.25/warc/CC-MAIN-20161202170903-00237-ip-10-31-129-80.ec2.internal.warc.gz', 'language': 'gcr', 'language_score': 1.000003457069397, 'language_script': 'Latn', 'minhash_cluster_size': 3, 'top_langs': '{}', 'wordlist_ratio': 0.024844720496894408}"
"Site de promotion des cultures et des langues créoles
Annou voyé kreyòl douvan douvan
Dikté kréyòl Lagwiyann en ligne
En exclusivité mondiale, la dictée créole de KTP1, en ligne !!
Le mardi 28 Octobre à 17h00 précises, écoute la dictée sur notre page et publie ton texte (ou en pv).
A 19h00 la réponse sera donnée !!
Makak ka volé di pyé-kajou asou pyé-moutouchi, di pyé-koubaril asou pyé-wara konsidiré a zèl lannwit-a ka bay yé.
Rounsèlkou, zoukouyanyan soti, a té sèl limyè ki té ka kléré danbwa-a. Mowéyo koumansé chanté «mo-wé-yo, mo-wé-yo».
Mé papiyon lannwit koumansé dansé anba zéklè zoukouyanyan-yan, épi yé ka pozé détan asou féy balourou, détan asou féy wakapou.
Pitipiti, bèt granjou ka lésé plas pou bèt lannwit.
Roun mosotèks nou pran annan liv «Sigré bounyon wara», Sonia Francius ké Aline Chanol ékri, lannen 1987, ké lanmen RAKABA.
Note
- KTP = Asosyasyon Konnèt To Péyi (Page Fb)
Association de jeunes qui a pour objectifs de valoriser la Guyane, favoriser les échanges culturels et renforcer la cohésion entre guyanais.",<urn:uuid:97c5c257-7738-4c86-9be6-125ba91028e3>,[],"{'dump': 'CC-MAIN-2017-13', 'url': 'http://www.potomitan.info/bannzil/dikte_2014c.php', 'date': '2017-03-28T08:14:25Z', 'file_path': 's3://commoncrawl/crawl-data/CC-MAIN-2017-13/segments/1490218189686.31/warc/CC-MAIN-20170322212949-00294-ip-10-233-31-227.ec2.internal.warc.gz', 'language': 'gcr', 'language_score': 0.8708299994468689, 'language_script': 'Latn', 'minhash_cluster_size': 3, 'top_langs': '{}', 'wordlist_ratio': 0.007407407407407408}"
"Trwa variété di grenn di lanti kiltivé.
Serten zannimo (gélenngé, pic, etc.) ka pédi dé grenn é frwi andan latè, annan sé lapo pyébwa ou annan bwa dèd où li ké jermé pli fasilman
Oun kapsoul di kokéliko ké so miltip grenn
Annan syk di lavi di sé « plant a grenn », aplé spermatofyt, grenn-an sa striktir ki ka konténi é protéjé ambryon véjétal.",<urn:uuid:afa6132b-87d1-4a0c-b448-387ed6eca54d>,[],"{'dump': 'CC-MAIN-2017-34', 'url': 'https://incubator.wikimedia.org/wiki/Wp/gcr/Grenn', 'date': '2017-08-20T15:21:21Z', 'file_path': 's3://commoncrawl/crawl-data/CC-MAIN-2017-34/segments/1502886106779.68/warc/CC-MAIN-20170820150632-20170820170632-00328.warc.gz', 'language': 'gcr', 'language_score': 0.9544627666473389, 'language_script': 'Latn', 'minhash_cluster_size': 4, 'top_langs': '{}', 'wordlist_ratio': 0.058823529411764705}"
"Mo té ké lé li sa artik-a %%?
Chak lannen, Témwen Jéova-ya ka kontré annan dé gran asanblé ki ka diré trwa jou. Sa gran asanblé-ya ka pèrmèt nou kouté diskour, gadé vidéyo ki ka anprann nou léson ki ka vini di Labib-a. I gen entèrviou ké pyès téat ki ka montré kouman apliké prensip Labib-ya annan nou lavi. Nou té ké kontan rousouvwè zòt annan roun di nou gran asanblé. I pa jen gen lakèt.",<urn:uuid:7153099e-e9d5-4f10-8f8b-e6dc070c88cd>,[],"{'dump': 'CC-MAIN-2017-43', 'url': 'https://www.jw.org/gcr/temwen-jeova/gran-asanble/', 'date': '2017-10-20T17:10:27Z', 'file_path': 's3://commoncrawl/crawl-data/CC-MAIN-2017-43/segments/1508187824226.31/warc/CC-MAIN-20171020154441-20171020174441-00777.warc.gz', 'language': 'gcr', 'language_score': 1.0000096559524536, 'language_script': 'Latn', 'minhash_cluster_size': 2, 'top_langs': '{}', 'wordlist_ratio': 0.03773584905660377}"
"Mo té ké lé li sa artik-a %%?
Lanmizik pou ladorasyon krétyen
Kouté ouben télécharjé chanté krétyen pou louwé ké adoré Jéova. Kouté kantik ki chanté, ki jwé ké roun òrkès ou ké enstriman é konsilté sé partisyon-yan.
Sa sòrt dé sijé-ya pa disponib annan sa lang-a anlè sit-a atchèlman.
Ou pouvé trouvé sa paj-a annan sa lang-a :",<urn:uuid:2ea90fcd-ec69-4fc4-87dc-8104092e9efd>,[],"{'dump': 'CC-MAIN-2017-43', 'url': 'https://www.jw.org/gcr/piblikasyon/lanmizik-kantik/', 'date': '2017-10-21T05:58:07Z', 'file_path': 's3://commoncrawl/crawl-data/CC-MAIN-2017-43/segments/1508187824570.79/warc/CC-MAIN-20171021043111-20171021063111-00871.warc.gz', 'language': 'gcr', 'language_score': 1.0000089406967163, 'language_script': 'Latn', 'minhash_cluster_size': 2, 'top_langs': '{}', 'wordlist_ratio': 0.0425531914893617}"
"Abandonnen sa ki mal. 1 Corinthiens 6:9, 10
Si nou kontan Jéova, nou pa ké fè bagaj i rayi.
Jéova pa lé nou vòlò ni bwè tròp. I pa lé nou drogé nou kò ni pran tabak.
Bondjé rayi moun ki ka tchwé moun é ki ka fè avortman. I rayi osi lò dé madanm ouben dé wonm ka kouché ansanm. Jéova ka kondannen moun ki toujou lé plis bagaj é moun ki ka briga.
Nou pa divèt bay idol ladorasyon, ni pran kontak ké lespri mové ni ké moun ki mouri.
Lò Paradi-a ké vini, i pa ké gen plas pou moun ki ka fè mové bagaj.
Fè sa ki byen. Matthieu 7:12
Pou nou fè Bondjé plézi, nou divèt éséyé fè kou li.
Ou ké montré ki ou kontan lézòt si ou janti é jénéré ké yé.
Montré ki ou drèt annan ou zafè.
Fo nou pardonnen san forsé.
Palé lézòt di Jéova é di kouman i ka aji (Isaïe 43:10).",<urn:uuid:001ba7df-8042-48e3-8add-37765d0921e2>,[],"{'dump': 'CC-MAIN-2017-43', 'url': 'https://www.jw.org/gcr/piblikasyon/liv/koute-zot-ke-viv/kouman-fe-bondje-plezi/', 'date': '2017-10-21T18:01:52Z', 'file_path': 's3://commoncrawl/crawl-data/CC-MAIN-2017-43/segments/1508187824824.76/warc/CC-MAIN-20171021171712-20171021191712-00284.warc.gz', 'language': 'gcr', 'language_score': 0.9999511241912842, 'language_script': 'Latn', 'minhash_cluster_size': 2, 'top_langs': '{}', 'wordlist_ratio': 0.042105263157894736}"
"Mo té ké lé li sa artik-a %%?
Liv ké brochir pou konprann Labib
Étidyé Labib-a asou roun sijé gras a télécharjman sé liv ké sé brochir-ya. Liv odio ké vidéyo annan lang yé ka palé ké sign ou pouvé trouvé annan plizièr lang.
Chwazi roun lang annan séksyon lang, kliké anlè Chaché pou wè piblikasyon ké so fòrma ou ka trouvé annan sa lang-a. Antré roun moso di tit-a pou wè piblikasyon ou ka chaché-a.
Kisa Labib-a ka anprann nou ?
Program asanblé sirkonskripsyon 2017-2018 ké sirvéyan sirkonskripsyon-an
Program asanblé sirkonskripsyon 2017-2018 ké roun réprézantan di filial-a
Envitasyon asanblé réjyonal 2017
Envitasyon asanblé réjyonal 2017
Program asanblé réjyonal 2017
Bon nouvèl ki ka vini di Bondjé !
Ès ou té ké lé konnèt lavérité-a?
Ès moun mouri pouvé vréman rouvini a lavi?
Koté nou pouvé trouvé répons pou sé gran késyon lavi-a?
Kisa ou ka pansé di Labib-a?
Kimoun ki ka vréman dominé monn-an?
A kisa ki Rwayonm Bondjé-a?
Sèrten aktializasyon ki fèt annan piblikasyon nimérik pitèt pòkò ka parèt annan sa ki enprimé-ya.",<urn:uuid:f2bfd37d-85ec-410b-bd4b-16d8b17d8122>,[],"{'dump': 'CC-MAIN-2017-43', 'url': 'https://www.jw.org/gcr/piblikasyon/liv/', 'date': '2017-10-21T20:02:38Z', 'file_path': 's3://commoncrawl/crawl-data/CC-MAIN-2017-43/segments/1508187824894.98/warc/CC-MAIN-20171021190701-20171021210701-00226.warc.gz', 'language': 'gcr', 'language_score': 1.0000072717666626, 'language_script': 'Latn', 'minhash_cluster_size': 2, 'top_langs': '{}', 'wordlist_ratio': 0.0425531914893617}"
