content,warc-target-uri,warc-date,warc-record-id,quality-warnings,categories,identification-language,identification-prob,identification-consistency,script-percentage,num-sents,content-length,tlsh
"Popozision ki sòti nan Konsit LLKM za òganizé, anlè dives pwen grafi épi lòtograf lanng kréyol Matinik
Dépi travay GEREC koumansé adan lé lanné 70, ékriti an lanng kréyol koumansé simayé toupatou andidan péyi-a. Poutan, magré gwo travay GEREC, rété dives poblenm ki pòkò rézoud (swé asou bagay GEREC pa trapé tan présizé, swé asou bagay pratik-la ka fè moun épi dives mapipi viré kabéché). Kifè ni dives késion anlè manniè matjé désèten bagay nan lanng-lan.
Konsit-la (ki pran diféran fom : sanblé, latilié…), sé an manniè nou ka popozé, atè Matinik, pou nou awmonizé o pi wo, jòdijou, manniè matjé kréyol Matinik. Pou sa, nou ka séyé sanblé tout moun ka bat anlè lanng kréyol Matinik (fòmatè, matjè, militan), nan diféran moman, pou pofondé pliziè pwen.
Senk konsit ja fet, an 2019, 2020, 2021, 2022, 2023, épi an kantité patisipan ki pé chanjé silon sé lanné-a.
Kabéchaj-la pa bout, i ka alé toujou, pou rivé fè o pi bien.
Senkiem Konsit LLKM
asou ""Li ek Matjé Kréyol""
Sanmdi 30 septanm 2023
8è é dimi pou 1è, Lotel Lasanblé,
avèni Lé Karayib, Fodfwans
Dives matjè, fòmatè, militan jwenn pou wouvè mwa kréyol la épi an bokantaj asou ""Mo konpozé nan lanng kréyol"".
Man Michelle Monrose, prézidant komision ""culture, art et patrimoine"" la CTM, akéyi nou (bonvini, bon travay).
Man Jozet Burnet-Miatékéla fè mitannè.
Misié Daniel-Joj Bardury prézanté épi espitjé anmizi-anmizi, popozision gwoup travay la asou mo konpozé té préparé. Sa rédé anpil bokantaj-la.
Anbians-lan té bon, adan an larel respé, travay, épi lafanmi.
Mèsi épi bravo pou tou sa ki té la.
Nou ka pran randévou pou pochen konsit-la, toujou asou mo konpozé.
KONFÉRANS LLKM
« LANNG KRÉYOL LA,
FOS LESPRI-NOU ! »
An konférans LLKM za prézanté dé fwa : an fwa, mèkrèdi 12 jiyé 2023, éti Festival lakilti Lavil Fodfrans té envité’y nan Sénak-la, an déziem fwa éti Lavil Chelchè té envité’y, mardi 24 oktob, Lespas Ozenat.
Lé dé fwa-a, sé misié Daniel Bardury (manm LLKM, Doktè nan Langue et culture Régionale, espésialis grammaire cognitive nan lanng kréyol) épi misiè Jozef Galonde (Liannè LLKM) ki mennen konférans-lan.
An konvwa danmyé-kalennda-bèlè Lakòdinasion bèlè (ki manm LLKM) jwé kat mòso ki montré gwo travay-la sé chanté-a ka fè asou lanng-lan.
Lè 12 jiyé, Erik Pézo épi Janfranswa Liénafa ba nou an bel moman eslam, éti la tou, lanng-lan montré tout fos-li.
Lè 24 oktob, sé Janfranswa Liénafa ki té la pou sa. Twazékant, avan konférans-lan, Joby Bernabé ba nou an gran moman épi lapawol kréyol.",https://www.llkm.org/bretmo/lam%C3%A9t%C3%A9yo-k-f/,2024-03-01T01:07:20Z,<urn:uuid:4ff66a63-2d90-4f0d-9dc5-46963283798d>,['short_sentences'],[],gcf-Latn,0.53,0.73,1.0,11,2648,tlsh:T17DF5E5516412CE9B1FCF90E10A3A8FA450187A49BEBB6D113B3011B9486AF0CC436B96D2ED8E6248638DDC4402CB7436DC2359395D9B30E598756033FDB62C85AD90308DBB
"Kantapou létjip Lafrans fanm, yo mennen bon moun Lanmanten jik Jowel an mannay ki fè zafè’y an hannbal-la épi Floréal. Yo jik mété pòtré’y asou an imeb Godisa. Jakson Richarson vini pou té batizé sa le maten an.
Pandan tan-an titak pli wo, pa koté Tivoli, an nouvo parti politik té ka fè larantré’y. Parti-tala wè jou, ja ni si mwa selman, sé «Martinique Écologie». Fok di tou, ja ni an parti ka di i ékolojis, sé MODÉMAS.
Mé es parti-tala ka di yonndé mo, dé mas an kannaval lézot?
Man pa sav, mé ou sé di yo pa té envité pou ba nouvo parti ékolojik-tala an pal.
Es pas parti-a fè bokantaj-li anba anba an gro piébwa ki ja ni pasé santan, é yo té pè sa potjiré yo nana? Antouléka yo pa vini.
Prézidan nouvo parti-tala sé Loulou. (Sé pa ta Sentlis-la), han han zot pa té wè’y ! Man jik kwè chien-yo pa ka djè alé lachas. Pas Loulou-tala adan an parti ki pou an sel manniè wè. Yo jik di la pansé inik. Manmay fok sav an fransé « inique » vé di séléra, pa bon pies toubannman!
Loulou «Martinique Ecologie-a» sé an konséyé Laréjion ki pran an bout tren adan ta Senpiè a pou i sikilé jik Kawbé. Misié sé pé té trapé an konjésion, lè i wè pa koté Mòn-Obé, té ni anlo pano fotovoltayik asou an tè agrikol. Kidonk épi anlot konséyé jénéral Fodfrans, i mandé pou kaskodé épi kalté politik-tala yo ka mennen an. I lé yo distribié lé riches ant linò épi lisid adan lemond.
Afarel, an chaben ki konpè épi Chaben, té konfian pas i di :
– Si nou pa wouvè zié-nou, tro ta ké baré-nou é nou ké rété pou la pléré!
Misié di épi an bel plodari konmkwa jénes Matinik ka djonmpitizé, Matinik ka bétonizé ek téren agrikol ka vaporé akondi létè oben léro jòdijou.
Sé moun «Martinique Ecologie-a» lé anlot politik pou péyi-a pran anlot chimen ki pa chimen chien éti nou pé garé. Pas yo konstaté Matinik sé péyi ki pli polié an Karayib-la menmsi Lavil Fodfrans fini mandé pou yo rikonnet La Baie des Flamands, kon pli bel bé o mond.
Jid
Sommaire Kréyolad
Viré monté
Bel poveb kréyol 722
«Tout soulié ni pié’y». - Jid
Pensez à signer le Livre d'Or !
Sonjé sinié livdò-la !
Forum:
Subscribe to RSS headline updates from:
Powered by FeedBurner
Les opinions et idées présentées sur le site appartiennent à leurs auteurs, elles ne représentent pas forcément celles du .",https://potomitan.info/duranty/kreyolad395.php,2024-02-29T17:29:10Z,<urn:uuid:5a7bc6a7-e4c9-44af-9fd4-e5f40e215bb8>,['footer' 'short_sentences'],[],gcf-Latn,0.73,0.62,0.99,16,2402,tlsh:T196E154417444DF670BE742D1FCBEE98441707B5DCE28AD387A7458E829ED7CC25FD986F16D8B8A8151ED9C9803C772B3EA32062870A670C46F78D569ED76188A3D9210DCB2
"Lanné 2017 ka komansé, lokazyon pou viré jété on dènyé koudzyé asi 2016. Péyi rich pa asi anho, kon Langlètè, Lamérik, Lafrans, Litali pasé onlo tribilisayon lanné-la sa. 2016 fè nou sonjé si nou té ka kwè nou an sékirité adan sé péyi-la sa nou ni pi kou réfléchi ankò.
Men abyengadé, a on nivo pi pèwsonèl, onlo bon biten rivé mwen an 2016.
Dyablès ka vwayajé
Sé an 2016 an chayé enpé liv dèyè do an mwen a Bèwlen. Sa ban mwen lokazyon vwè pa ni pon koté ola pèp an nou pa ka rivé pozé valiz a-y, travay é pawtisipé adan sa ki ka fèt la yo yé la.
Piplis, épi tèknoloji é koudmen, ni mwayen fè Dyablès vwayajé plen dòt koté. Sé pousa an kontan an vwè bout mèt bann-annons a Dyablès dèwo lanné-lasa osi. Ni moun ki pa sav ni on woman fantastik an kréyòl ki parèt. Kontinyé ba-y lavwa.
An 2016, nou kontré osi. Zò palé mwen dè liv-la, men siwtou zò palé antrè zòt. Zò palé ba dòt moun osi. Moun ki poko té konnèt liv-la. Zò di yo a ki pwen zò enmé Dyablès, ankijan zò touvé-y pi fasil a li ki zòt té ka kwè. Ki fè enpé moun komandé Dyablès asi sit nichtwèl an mwen parapòt a zòt. Mèsi !
Désèwten pawtajé avi a yo épi moun toupatou, kon Tyitelle, Orijinal Meaty oben kkiss. Selmanti, an tibwen chagriné davwa an pa té pé vin kouté sosyété L’Ascodela bokanté asi liv-la. Erèzdibonè, jounalis a 97Land té la pou ban nou nouvèl.
Wou-aprann rakonté
Sé an 2016 vidéyo a TEDx-la sòti osi. Adan vidéyo-la sa an té ka envité tout moun a pran tan rakonté sa yo ni a rakonté an kréyòl.
Pas dapré mwen kréyòl sé sa ki pi chouké an kilti a gwadloupéyen. Kidonk, menm si tout gwadloupéyen pa ka viv men jan-la, menm si i ni gwadloupéyen a lajan é gwadloupéyen san lajan, menm si ni gwadloupéyen ki trapé lenstriksyon é dòt ki pa trapé, jenn kon vyé, avòté kon matrité, si nou ka palé menm langaj-la ni mwayen yenn konprann lòt pi myé.
Sé pou sa an té ni on pansé pou SPEG, sendika a ansényan Gwadloup ki té ka fété 40 lanné a-y an 2016.
An té kontan osi, palé épi timoun lékòl pou espliké-yo ka rakonté pé sèvi adan on sosyété pannan simenn a kréyòl lékòl. An palé épi timoun ki an kolèj é timoun ki an lisé pou di yo ankijan, dapré mwen, litérati fèt pou rédé-nou pòté on koudèy nèf asi sa nou yé pou vwè ka nou ka kenbé, ka nou ka jété adan mès é labitid an nou.
Sé pousa an ka kontinyé pawtisipé adan Séna a Jèwti Dambury. Sé on manifèstasyon ki ka ègzisté dèpi 5 lanné é ki ka chèché a fè moun rantré an litérati a Karayib-la san pwotokòl. Davwa twòp pwotokòl ka mèt distans, é distans ka anpéché nou sanblé.
Pou 2017
Pou 2017, an ka swété nou chèché rèspé. Rèspé pou sa zansèt an nou lésé ban nou. Rèspé pa vé di “pa mannyé” men “fè-y sèvi é lésé tibwen pou dòt touvé”. Rèspé pou kò an nou pas sé adan-y nanm an nou ka vwayajé. Rèspé pou limanité, ki vé di pou chak nonm, chak fanm, chak zanfan fè silans douvan lapenn a lézòt, di mèsi pou sa lézòt ka ba-w, menm jan pou yo fè silans douvan lapenn a-w, é di-w mèsi pou sa ou ka ba-y. Rèspé pou sa Latè ka pòté davwa sé-y tousèl ki pé pòté-y.",https://www.timalo.com/bye-bye-2016/,2024-02-28T20:28:03Z,<urn:uuid:53594eb8-9c6e-4024-b01e-107176a306d9>,['header'],[],gcf-Latn,0.97,0.86,1.0,14,3251,tlsh:T1D4AF996141A0CBCB1FC320C25C1FDB90A828334AE8900E35BB3D5674A6EDA49D1FA5A2D765DF9100E48CE89A05C765BAD53325B4B0C036D04FAD557BEF331D4A6C8B7218BE
"ADN Awa !, 14 février 1952, 14 décembre 2010, 16 décembre 2008, 26 octobre 2010, Accord Bino, Affaire Jephté Depreux, Apartheid, BEO, Campêche, Charles Henri Salin, Chlordécone, Clan Koury, Cliniques KADJI, Collectif 5 Février, Conflit Danone, Dialogue social, Droit du travail, Esclavage, Etats-Généraux, Guerlain, Haïti, Justice coloniale, Kanaky, LKP, Mai 1967, Martinique, Mayotte, Mercury Day, Michel Madassamy, Mwa Mé, Octobre 1801, Pétition anti LKP, Plantation HAYOT, Prix des carburants, Procureur PRETRE, Prud’hommes, Racisme, Représentativité UGTG, SARA, Sarah Aristide, Solidarités, Tourisme, VIH/SIDA, Xénophobie, Pauvreté, Affaire ""Patrice (...), Affaire Marc SAINT-HIL, Agriculture, Algérie, Assignation en justice, Capesterre-Belle-e (...), CESER, CGOSH, CHU Lapwent, Collectif de Défense, Collectif des organisa, Construction du nouvea, Contre le Pass sanitai, Défilés, Dlo Gwadloup / Eau de, EFS Gwadloup, Elections 2020, Elections CESR, Elections Chambre (...), Elie DOMOTA, Epidémie Chikungunya, Epidémie CORONAVIRUS, Epidémie CORONVIRUS, Etats-Unis, fidel castro, Fillon / Domota, Grève C.A.S.E kapestè, Grève canal satellite, Grève Carrefour Milénis, Grève carrière de (...), Grève CGSS 2016, Grève CIST, Grève collectivités, Grève Collectvité (...), Grève de la faim Denis, Grève Hôpital Beauperthu, Grève Mairie Baie-Mahau, Grève Mairie Basse-Terr, Grève Pôle emploi (...), Grève Sablière de (...), Grève SIG février (...), Grèves, Grèves collectivités, Gwiyann, Inde, Jacques CHIRAC, Journal Rebelle, Journal Rebelle, Kanaky, Kolèktif Bastè kon (...), L’après cyclone IRMA et, Licenciement(s), Lopital Kapèstè, Louisa HANOUNE, Luc REINETTE, Marie-Galante, Meetings, Mexique, Mouvement social (...), Obligation vaccinale, Palestine, Père Chérubin CELESTE, Procès Elie DOMOTA (...), procès Jocelyn LEBORGNE, Propagande élections, Rapatriement de la, Régionales 2015, Respect des droits, Roland THESAUROS, Saint-Martin, Secteur B.T.P, Secteur Banque-Assuran, Secteur Banques Assura, Secteur Emploi-Formati, Secteur Immobilier, Secteur Nettoyage-Blan, Secteur Sécurité, Secteur Social et (...), Secteur Transport, TCSV/décès camarade (...), Total pwofitan, UEC-UGTG, ULTEA-UGTG, UNASS-UGTG, UTAS-UGTG, UTC-UGTG, UTE-UGTG, UTED-UGTG, UTHTR-UGTG, UTPP-UGTG, UTS-UGTG, UTT-UGTG, Venezuela, Virus ZIKA,
Vous êtes ici : Accueil Actualité
Kè a Kanpèch : Dimanch 7 désanm, Gwan koudmen nasyonal
Partager
Randévou a sizè é dèmi dimaten a Kanpèch pou kontinyé planté lespwa
1 réaction
I - POU KANPÈCH FÈ KANPÈCH É KONTINYÉ NOURI GWADLOUPÉYEN
A - Ka ki kanpèch ?
On pyébwa ki ka bay méyè bwa pou chabon, ki ka bay méyè flè pou miyèl, ki ka bay koulè, ki ka pousé koté ki dlo ra... on pyébwa ki nouri maléré an tout tan ;
On koté an bout a Gwadloup la ou pé dékouvé ankijan péyi la bèl, obò lanmè Latlantik, koté a gran van é a bèl soley ;
On koté la Kalina(Krayib) fouté Fwansé on glann an monman yo té vlé pwan péyi la, détwi pèp Krayib, é enstalé mès é labitid a yo, fè konmès a nonm yo woté pa fòs an péyi Lafrik pou travay pou yo anba sistenm a lèsklavaj ;
On koté kapitalis é kolonyalis fè lajan kon kann avè swé a nèg an kann ;
On lantoupwiz kapitalis fwansé gannyé pou ayen, an men a sosyété Bopò (1978) pou fè poul fè zé ;
On lantoupwiz ola 48 a 30 fanm é nonm té ka travay pou fè kapitalis gannyé plis ki 2,5 milyon léwo chak lanné, fè 60 000 poul ponn 15 milyon zé chak lanné avan-y koulé ;
32 lekta tè, 15 hanga é 3 milyon léwo zouti é matéryél ki kapitalis désidé vann 3 milyon swadizan pou yo pé woupwan sa yo pèd san di tou sa yo mèt a koté pannan sé 28 lanné la yo kontrolé lantoupwiz la ;
On lantoupwiz lèwowè on gwoup travayè lisansyé désidé anfinaldikont kolé tèt é lajan a yo, lyanné avè dot fanm é nonm Gwadloup pou kréyé on lantoupwiz la sé yo é nou Gwadloupéyen ki ka kontwolé ka pou pwodwi, avè kimoun, ankijan é pou toultan ;
On lèspwa pou nou Gwadloupéyen kapab travay pou nou kréyé on sistenm ki pé ké sanm ta kapitalis-komèwsan é posédan, ki kapab konstwi nonm, rèspékté laliwondaj, démontré an ki jan nou Gwadloupéyen pé nouri nou, nou menm padavwa bato é aviyon pé pé pa on jou chayé machandiz an Gwadloup pou alimanté é nouri sistenm a kapitalis ;
On lokazyon pou nou konpwann ankijan apwé Fwansé détwi pèp Krayib, maré fanm é nonm Lafrik anba lèsklavaj, yenki pou plis lajan, dékatyé é démouné fanm é nonm Gwadloup anba kolonizasyon é lasimilasyon, nou douwé jòdila chouké nou an konsyans, avè mémwa é gannyé fòs é pouvwa ki ni pou gannyé an sosyété Gwadloup a jòdila ....
NOU KA PWAN KANPÈCH ! NOU KA WOTÉ BWA KANPÈCH AN MEN A YO !
Kanpèch sé on koutkyanm, a pa on kout nonm ;
Kanpèch sé on lyannaj a tout lidé é tousa nou fin pa konprann, nou fanm é nonm Gwadloup apwé nou fwékanté lékòl a Fwansé, istwa é èspériyans a dot pèp asi latè, konésans a péyizan é travayè, més é labitid a pèp Gwadloup.
B - Ka nou vlé ?
Fè fanm fè fanm... !!! Fè nonm fè nonm... !!! San janmen manjé an men a yo… !!!
Kalbandé lespwatasyon kapitalis é kolonyalis !
Kontinyé nouri lalit !
Tè Gwadloup sé tan nou, nou ka pwan-y !
Pitit an nou é pitit a pitit an nou ké viv, grandi, pwan fòs, travay an Gwadloup adan on sosyété on laliwondaj, san pwoblenm ni an tèt a yo ni an kò a yo.... avè lèspwa a Kanpèch !
Pwévwa avan twota maré nou, padavwa pi plis fanm é nonm asi latè ka pwan fè anba kapitalis é mondyalizasyon, davwa yo planté manjé pou nouri lòksidan.
C - An ki jan fè kanpèch fè Kanpèch ?
ASI 32 LÈKTA TÈ NOU KAY :
Planté manjé, lévé zannimo pou vyann, prodwi kouran élèktrik é gaz ;
Konsèwvé sa nou pwodwi ;
Vann é bokanté sa nou pwodwi ;
Wouvè lékòl pou èspliké é nouri èspéryans nou vlé dévlopé ;
Wouvè pòt pou montré nou Gwadloupéyen é pèp péyi dèwò sa nou fè, avè tèt an nou é dé men an nou ;
Kréyé on lèspwi, on drapo, on chanté, lenj é koulè pou lyanné pép Gwadloup asi Kanpèch ;
Sanblé lajan san pasé pa sistenm a kapitalis.
D - Pa ki chimen nou ké pasé ?
Sanblé tout Gwadloupéyen nou konnèt, ki konnèt é ki konpwann sa pou fè an lèspwi a Kanpèch é ki kapab, agrikiltè, enjényè an tout métyé kon prodiksyon a kouran, a gaz, a pwason, mèt-a-mannyòk an transmisyon a konésans, an komès, an tourism, an sistenm a lajan. Yo dwèt pé fè lidé, lèspwa é lèspwi a Kanpèch éklò.
Gadé vwé sa ki ni an péyi déwò... (Commerce Equitable, SEL, Songhaï, La Bonne Bouffe...) é pwévwa an péyi Krayib.
Konmansé planté manjé é planté nonm toupannan nou ké fè lèspwi la pwan plas an tèt an nou.
II – SA KI JA BITYÉ JA BITYÉ !
Adan pawòl douvan la nou sòti palé la tini on lidé dévlopman a nonm pou dèmen. Fò tout fòs politik ki tan nou mofwazé pou dè bon an tout sòt matyè lékonomi. Fò nou menné pi ho, pi ho konsyans o pèp la, pou nou libéré on moso a andidan an nou menm douvan migan kolonizasyon – mondyalizasyon. Pou nou fè douvan fò nou gadé sa ki ja bityé.
A – Ki lespéryans nou ja menné ?
1 – Okipasyon a tè asi Bòn – Vèn(Lansbètran) é tè a « Cnie Fruitière » (Manten)
Prèmyé okipasyon ki fèt an péryòd la « UTA – UPG » vwè jou sété koté lanné 1976 – 77. Pou yonn, an limit Lansbètran é Kannal, tè bitasyon « Dadoud – Lagarde, Bonne -Veine » té ni onpil kolon. Yo di « Awa ! », misyé Simonet pé ké opozé yo lévé timoun a yo é nouri fanmi a yo. Evè koudmen, yo bityé tè. Jis jòdila, yo ka kontinyé travay tè lasa.
Okipasyon tè Manten konmansé an 1978. « La terre à ceux qui la travaillent ! », mi sé konsa lé sendika bwanné lé go popwyétè é raché zongonn a kapitalis fwansé an tè Gwadloup. Onlo Gwadlouyéyen montré solidarité avè lit a travayè a tè. Kolonyalis fwansé fèmé dé militan adan lajòl a yo.
2 – Okipasyon tè Galbas
Koté lé lanné 1980, okipasyon tè Galbas konmansé. Sé on lèspéryans ola onlo militan pòté fòs a yo. Jòdi-la, lé 120 èkta tè Galbas divizé an plizyè espwatasyon. SCA Galbas ki asi 60 èkta ka fè kann é zannanna. Asi rèstan la tini twa èspwatasyon, yo chak asi 20 èkta. ni plizyé esplwatasyon asi Galbas.
3 – Réfòm fonsyé an lanné 1981
Tout okipasyon a tè oblijé kolonyalis fwansé rèvwè distribisyon a tè an péyi an nou. Sé konsa RF fèt an 1981. Adan plizyè « GFA » (Groupement Foncier Agricole) tousa antré an plas an Nò Gwadloup, an plen Zabim, Mònalo é Moul, é apwé an Nò Granntè... asi 11.000 èkta. Kolonyalis fwansé mété milyon lajan an men a pwopriyétè kapitalis.
Alèkilé, péyizan mwayen Gwadloupéyen pousé asi tè Gwadloup men tè Gwadloup pòkò ka ba pèp Gwadloup manjé sa-y fò-y manjé. Kolonyalis fwansé ka simé sibvansyon pou nou kontinyé manjé asi pò – la.
B – Ki lèspéryans nou ja fè dòt koté ki an tè ?
Lalit a mouvman sosyal la fè nou konstaté : dèpi kapitalis fin siwoté lajan a Léta, lajan a Konsèy Réjyonal, lajan a Konsèy Jénéral, lajan a Konmin, yo ka fèmé lantoupwiz, yo ka chapé kò é yo ka vonmi travayè an lari la. Evè sa, mouvman sosyal la konpwann, travayè pa pòk, yo pa bwak, yo pé gidonné lantoupwiz a yo... Sé sa ki bay pi plis on dizenn lantoupwiz ola sé travayè ka kontrol... : « SAG, Station Valkanërs, Patisserie René... », é dot ankò.
C– Voyé zyé an péyi déwò... « SONGHAÏ »... an péyi Bénen (Lafwik)
Dèpi lanné 1985, ni fanm é nonm an péyi Bénen ka fè tè Lafwik poté manjé kon kann. Yo ka fè vyann, pwason, légim... yo ka fè rasin, yo ka fè fwi, yo ka fè fòwmasyon, yo branché entèwnèt, é dòt ankò.
Nou ka woutyenn lé senk pwen kapital ki lèspéryans Songhaï ka mèt douvan pou konstwi on pwojé :
Gadé laliwondaj ola pwojé la kay bityé ;
Gadé ki fanm é nonm ki la é ka yo ja pòté an laliwondaj la ;
Gadé an ki sosyété nou yé lè nou kay bityé ;
Gadé ola tèknoloji rivé an men a fanm é nonm ki an péyi la ;
... Apwé tousa, gadé kijan nou pé sanblé lajan andidan pèp la.
D - Ki lagrikilti ki fò ni pou nouri pèp Gwadloup ?
ON LAGRIKILTI KI KA RÈSPÈKTÉ :
Nonm la ;
Laliwondaj la ;
Wouchouké adan péyi Gwadloup pou nouri pèp la ;
Pwodiktè la ki ka fè tè fè manjé la... pou-y pé viv kon toutmoun !
POU BOUT !!!
Fò an mwa oktòb 2008 KAK (Kè A Kanpèch) pé di ola nou kay èvè Kanpèch é opita an
Janvyé 2009 wouvè kè a bwa Kanpèch.
I fò nou di é èspliké sa ki èstratéji an nou pou pèp la.
Fò pèp la ka konpwann klè – klè – klè, sa nou ka désidé.
Fo-y ka konpwann sa nou ka fè konm si, sa-y santi, sa-y di lèwowè-y hélé :
« Pa mannyé Kanpèch ! », nou militan, nou konpwann sa ki fò té fè.
Nou douwé kiltivé volonté a pèp la adan on lign politik, ki fwi a réflèksyon an nou asi sa-y santi pou dèmen.
Si nou kenbé fil a-y, nou ké gannyé !
Si nou lagé fil a-y, nou pèd konba !
Sépousa l’UGTG désidé bay balan a KANPECH
POU KONTINYÉ PLANTÉ LESPWA A KANPECH :
07 DÉSANM 2008 : GRAN KOUDMEN NASYONAL
Randévou a sizè é dèmi dimaten a Kanpèch,
pou planté mannyok, patat, malanga, jiwomon, kann, pwa,…
Laprémidi nou ké prézanté Pèp Gwadloup sa Travayè kay fè si tè a zansèt annou.
PA KONTÉ SI PYÉ A LÉZOT POU MACHÉ !!!
ANNOU KONTINYÉ NOURI LALIT - NOU KÉ GANNYÉ !!!
KÈ A KANPÈCH (KAK)
Association de Défense des Salariés de la Ferme de Campêche,
UGTG
UPG
Mouvman Kiltirèl AKIYO
Association ANKA
TRAVAYE E PEYIZAN
MOUVMAN NONM
date de l evenement : 7 décembre 2008
Publié par Collectif Ferme de Campêche le vendredi 5 décembre 2008
Remonter en haut de la page
A lire également
A lire aussi dans la même rubrique :
Propos racistes de Jean Paul GUERLAIN : la société Guerlain (filiale de LVMH) touche 300 000 euros de son assurance
Disparition du service public hospitalier en Martinique : Le Collectif de défense de l’hopital se prépare à une vaste mobilisation
1é mé, jou a lit & solidarité, travayè a l’ANPE ka bityé KANPECH !
Le scandale du crédit béké surnommé « Crédit Martiniquais »
Appel de l’Union des Travailleurs de la Santé UGTG : Tous en grève pour le respect des engagements pris
D'autres articles du même auteur :
Kè a Kanpèch
Pou jaden annou pa pousé si bato : nou péké lagé Kanpèch !
Forum article
Kè a Kanpèch : Dimanch 7 désanm, Gwan koudmen nasyonal
Réaction de Shaka Zulu le 5 décembre 2008 @ 14h13
Malérèzman an pé ké yé èvè zòt mé fò zò sav tout patriyòt Gwadloup ka pòté mannèv asi pwoblèm a lagrikilti. A pa kon boug Vyézabitan-la ki bizwen fouté on pis a kous a loto asi nò Gwanntè-la. Médya ofisyèl a yo palé ti-bwen dè aksyon a 7 désanm-la mé yo pa rété two lontan asi sa. Dèpi endépandantis pa ka mèt bonb ankò sa pa ka entérésé-yo padavwa yo pé pa di bétiz ankò asi sé patriyòt-la. Tè agrikòl sa enpòtan adan on péyi. Si on péyi pa ni tè agrikòl, sé kon on loto san lésans anbò ay.",https://ugtg.org/spip.php?article657,2024-02-22T23:42:45Z,<urn:uuid:3c632070-bca0-4f71-b811-2183f1418fde>,['footer' 'short_sentences'],[],gcf-Latn,0.6,0.7,1.0,76,13151,tlsh:T1035F6F42E850DB8B0BCF22C3642FEE11046832A4FCAA6D316B2D6AB8EDD5D94F13B843EB1C9F928012EDF8C5094B36B7CE23D564785930C58E3A6837BF7619456DC222257D
"Lendi bonmaten, anlo moun té anrajé anlè lawout. Kisiswa sa ka vini pa lisid oben sa ki sòti dan linò, tout moun té blotjé épi lé taksiko.
Sé chofè-a ki anba lopsion l’USET té lé atoutfos izé Jozet. Asiparé, manzel té ké ponmet yo katrèvenmil éro. Yo di yo pa ni asé, pas dapré lakat marin épi katjil yo, sé sansenkant mil éro yo té ké ni bizwen pou yo pati laritret. Lè nou sav, sèten ni twa dwa taksi, nou ka konprann poutji yo ka goumen.
Yo pa dakò pas asou katrèvenmil éro-a. Konsèy jénéral ka ba yo karant mil douvan douvan, ek lèrestan sé épi Laréjion i pou wè sa.
Pres tout moun sav, sé jou-tala Laréjion, si yo pa toutafetman débantjé, lajan matla-a fonn kon sinobol anba gwo chalè sé jou-tala.
An menm balan-an, té ni grev Konsey jénéral pas anlo travayè poko sav ki manniè krab-la ké dékalé-a.
Yè anlè an radio, Brino Nestò pa mété dlo an bouch-li pou di bravman:
— Sé katmil ajan Konsèy jénéral ek réjional-la pa asiré trouvé an plas. Sinon bidjé TCM-lan ké sèvi pou péyé yo!
Sé bien pou sa, sé ajan Konsèy jénéral débréyé bonmaten-an pou fidjiré épi prézidant-lan.
Epi kanpàn élektoral-la sé kandida-a pa ka djè palé di personel-la. Yo tout ka fui, oben ka di yo ké ni tan wè sa apré. Poulemoman, fodra éli yo pou yo pé otjipé di sa. Sa ka mété moun entjet. Anlo poko menm sav si yo ké alé voté, jijéwè ba kimoun. Poulemoman ja ni 9 lis é yo poko sav kiles yo ké chwézi, yo mélé kon farin é sann.
Sa ki pli tris-la, sèten ja menm paré achté vwa, ek dot lé asepté vann vwa yo tou pou an portab, é menm 50 éro. Afos swadizan yo mélé.
Fout sa red kanmenm, lè nou ni an dwa ek nou pa sa sèvi’y. Savrè sé pa tousa ka fè ni blokaj an péyi-a.
Jid
Sommaire Kréyolad
Viré monté
Bel poveb kréyol 722
«Tout soulié ni pié’y». - Jid
Pensez à signer le Livre d'Or !
Sonjé sinié livdò-la !
Forum:
Subscribe to RSS headline updates from:
Powered by FeedBurner
Les opinions et idées présentées sur le site appartiennent à leurs auteurs, elles ne représentent pas forcément celles du .",https://potomitan.info/duranty/kreyolad592.php,2024-02-26T21:39:29Z,<urn:uuid:0703ddcb-3466-4020-af64-f4b88c50872f>,['footer' 'short_sentences'],[],gcf-Latn,0.64,0.64,1.0,14,2125,tlsh:T1BFF24F4197D4E7C70FD762E1683AAE8404A02B68DC4D7D21777854B865D0345B2B2A53E25E4F4F4490EECC450AE7FF67E9332AB174D811E0877582ADCF37120D6E111078A5
"House of Àṣẹ (pwononsé a-ché) sé on koté èspésyal pou pratik pèp antiyè, kréyòl èvè AfwoKalina. Isidan, nou ka pratiké é nou ka louanjé Kenbwa a zansèt annou.
House of Àṣẹ ka konsantré asi nétwayaj, gérizon épi pwotèjman (pou kò a-w épi kaz a-w) pou ou pésa atiré é kenbé lanmou, lapè épi fè kabrit fè bèf a kaz a-w (ki sé lajan, on bon travay oswa enpé kréyativité épi bénédisyon espirityèl).
House of Àṣẹ ka konsantré asi nétwayaj, gérizon épi pwotèjman (pou kò a-w épi kaz a-w) pou ou pésa atiré é kenbé lanmou, lapè épi fè kabrit fè bèf a kaz a-w (ki sé lajan, on bon travay oswa enpé kréyativité épi bénédisyon espirityèl).
Livrézon pou mèsi
Pou tout komann pasé €45
Fèt a lamen an sérémoni
Tout atik fèt a lamen & sosé an àṣẹ
100% Sékirizé
PayPal / MasterCard / Visa
House of Àṣẹ
Kaz a Kenbwa tradisyonèl é modèn asi entènèt. Poukisa: pou woukonèkté épi tradisyon annou èvè woumété kenbwa la pou i yé an limyè, lwen lidé a méchansté é rayisans.",https://www.houseofase.com/gp/,2024-02-29T23:58:27Z,<urn:uuid:a6499e62-8373-4535-806a-50016e48b78f>,['short_sentences'],[],gcf-Latn,0.86,0.62,1.0,8,1069,tlsh:T1CE96A411F041E10657C802E8653EEA4026292480DFE6FE72A21DA63CFE92A5011F5EE5935C8E828813A958C58ADF7537F273A1F934C836D182F73131FD7035045C3E3348EE
"An ay fè on lantou Brisèl é an pa vwè pon-on moun ki ni lòks ! An vwè moun a rajou, moun a périk, an ji vwè on nègrès a chivé défrizé. Men zéwo lòks !
Men a pa sa tousèl an konstaté. Brisèl ka touvé-y sé kapital a la Beljik. Beljik sé on péyi on jan espésyal.
Dabòpouyonn, lwa-konstitisyon a yo - lwa pi fondamantal, lwa-reldo a on péyi - ka palé-w dè “Communauté”, Réjyon, é Réjyon “Linguistique”. Lawvwè on biten rivé adan lwa-konstitisyon a on péyi, sa ka vin chouké an lalwa a péyi-la é sa ka vin rèd pou woté-y pas lwa-konstitisyon sé on karésol pou tout larestan lwa.
Kidonk, dépi an awtik-dé, lwa-konstitisyon a péyi Beljik ka diw ni twa “Communauté”. Yo ka di “Communauté” men nou té ké di “Nasyon-Moun”. I ni Nasyon-moun ka palé Fransé, Nasyon-moun ka palé Flaman (ki ka sanm lang a moun LaOland), é Nasyon-Moun ka palé Alman. Nenpot-la ou ka rété an péyi-la ou andwa di adan ki Nasyon-moun ou yé. I ni twa réjion : réjyon walon, réjyon flaman, é réjyon Brisel.
Adonk, an ay Brisèl é, prèmyé biten, an pa vwè pon-on moun a lòks Brisèl. Pa mandé mwen poukwa, mwen-menm pa ni lesplikasyon. Fo-w sav ni bon enpé nèg an vil-lasa davwa Beljik sé péyi ki kolonizé Kongo, menm jan Fransé kolonizé Sénégal oben LaGwadloup. Ou ji ni on bann-désiné a Tenten ka palé sa. Men lè an rantré an magazen-la an pa vwè-y. Sèwtènman paskè bann-désiné-lasa rasis kon patini, é yo pa dwèt té vé pran polémik épi moun !
Dézyèm biten an vwè, sé dé lang-la, ki fransé ki walon, tou lé dé a menm nivo. Tout sé pano-la maké an fransé é an flaman an pa ni on lang ki maké pi gro ki lòt oben ki pi drèt ki lòt. Lè ou ka rantré adan on boutik yo ka di-w bonjou an dé lang.
Lè an vwè sa, an konprann magré chimen nou ja fè, magré mannèv sa ki té avan nou ja pòté, ka rété-nou bon travay a fè si nou vé lang kréyol rivé menm wotè ki fransé.",https://www.timalo.com/timalo-an-beljik/,2024-02-28T18:24:06Z,<urn:uuid:78f7cb3e-574e-4fa3-8412-d32dfb4b5a83>,[],[],gcf-Latn,0.99,1.0,0.99,7,1970,tlsh:T18C3710417651D3DB0B8F71D7182BEFC9583872C5ED091A306E395034E3D6B296235D51D7AE5FFA53906C98C8005312F2E91B16E02D9636D1CA589E5FDF7F04865C91154CBB
"Cette nouvelle lecture devrait se faire aisément, sans qu'il soit nécessaire de donner une traduction intégrale. Quelques notes au fil du texte faciliteront la compréhension de données culturelles ou de structures linguistiques un peu nouvelles
Mi zafè an péyi-la ! Misyé Louwa ka mayé fi-a-y. Lavwa ka bay toupatou.
Toutmoun ka sòti la yo sòti, yo tout kay vwè si yo ka rivé mayé èvè tifi-la. Sa ki ja mayé pran dévenn, yo té ka di an kyè a yo : ""Si an té pé démayé"" padavwa fi a misyé Louwa sé on bèl fanm toubòlman, évé a pa lajan i pa tini !
Tout nonm déwò : jenn kon vyé, mi kon vèt, avòté kon matrité. Ni sa i bèl, ni sa i lèd. Ni sa ki an dégenn. Tini nèg nwè, chaben, milat, tout jan kalité nonm. Yo ka vin pa dis, pa trant, yo ka sòti an tout sèksyon, an tout koté la chyen ka japè pa kyé.
Lè yo rivé, yo ka fè-yo rantré yonn dèyè lòt adan on bèl kaz, èvè bèl tapi, bèl chèz, bèl fotèy. Tout biten la kléré olendeng. Apré la yo rantré, yo kay adan on dòt ti pyès a kaz la, pli bèl ankò ; sé adan ti pyès-lasa misyé Louwa ka mandé yo sa i ni pou mandé yo. Ja ni près mil nonm ja pasé. Yo ka viré lakyé dan fès ; yo pa ka réponn sé kèksyon-la. O, O, adan péyi-lasa té ni on fanmi moun maléré kon lapyè. Yo té ka rété adan on sòt kalité kaz, près tonbé. Sé timoun-la pa té ni apa, yo té ka viv épi manman-yo. Yo té a twa jenn nonm an kaz la ; dènyé-la té ni ven lanné. Ti lajan-la yo té ka gannyé-la té tèlman kout, yo pa té menm pé manjé èvè sa. Mé dènyé gason la pa té ka travay, i té malad. Tout pyé a-y té plen é chik kifé yo té ka kriyé-y Ti-Chika.
Tèlman sa té ka fè-y mal i té ka maché si kan a pyé. Sa té ka fè manman-y lapenn vwè-y malad. Apapoudi i pa té ka ba chik-la rimèd ; yo té ja éséyé tout biten ; fèy a piman, rasin a kròk-chyen pilé, agoman. Yo pa té pé fè plis padavwa yo pa té ni lajan pou voyé-y o doktè. Jous frè a-y té wont-li. Toutmoun té ké fè jé épi Ti-Chika.
Lè manman-la tann di Misyé Louwa ka mayé fi a-y, i di sé tiboug a-y la : ""Poukisa zòt pa kay vwè si zò ka rivé réponn sé kèksyon-la, sa té ké ranjé zafè annou toubòlman"".
Ti-Chika réponn : ""Sé vwé a-w anman, nou té ké pé ay vwè"".
Sé frè la pran ri, tèlman yo té ka ri, yo té ka toufé : ""Vou, Ti Chika ou anvi mayé, é èvè fi a misyé Louwa. Ou pa gadé-w ? i pé ké jen vlé-w. Nou ké alé, vou ou ké rété isit.""
Manman-la, i té pisimyé Ti Chika, pran dèyè gason a-y : ""Zò two mové. I sé on nonm kon tout nonm. I ni menm dwa ki lézòt"".
Sé frè la di : ""Sa ka gadé-w; si ou vlé i alé anman. Mé i pé ké maché dòt koté ki dèyè do annou. Ti Chika two malfouti.""
<>
Lélandemen maten sé twa boug-la lévé gwan bonnè, pipirit chantan ; yo ay lavé kò a-yo an ti sous la ; aprésa, yo mété on lenj pwòp. Lenj-la té pyèsté toupatou. Lé dé pli gran pati douvan, bon gaz. Manfou a Ti Chika ka vin dèyè.
Maléré-la ka fè sa i pé pou maché vit ; plis i ka ba kò a-y bann, plis sé frè-la ka apiyé. Ti-Chika pa ni labitid mété soulyé, jòd-la i mété on pè pépa pou i pé parèt pli byen. Soulyé-la ka ankavé sé chik a-y la. I ka kyenbé jan i pé. Douvan-la, sé frè la ka ri kon kouyon.
Toupannan yo ka maché, Ti-Chika jwenn on zékal-a-zé. I kriyé frè a-y : ""Frè o frè, an touvé on zékal-a-zé.""
- Ka ou kouyon konsa Ti-Chika ka ou pé fè évè on zékal-a-zé ?
- An ka gadé-y ou pa jen sav. I pé rivé sèvi mwen.
Ti Chika fouwé zékal-a-zé la an pòch a-y.
Yo kontinyé maché. Ka fè cho. Swè ka koulé si tout kò a yo. Sòlèy-la ja ho an syèl-la. Pa ni on ti lonbraj si bò chimen pou ba-yo on favè. Si a pa té pou mayé èvè fi a Misyé Louwa yo té ké ja viré bò si bò.
Té ja ni enpé tan yo té ka maché. Ou anki tann : ""Frè, gay-sa, an touvé on kaka chyen sèk.""
Sé dé frè la viré gadé, yo tousé gyèl a-yo :
""Mé Ti Chika ola ou sòti, ou ka kriyé-nou pou on kaka chyen sèk ? Gay malpwòp-la ka kyenbé sa an men a-y. Apa ti kouyon ou kouyon.""
Yo anki ba Ti-chika do.
Ti Chika pa di ayen, i fouré kaka chyen-la an pòch a-y, évè i di: ""An ka gadé-y, ou pa jen sav i pé sèvi mwen.""
Bod lanmè lwen, mé dènyé kilonmèt-la rèd. Ti Chika té ké enmé tiré soulyé-la, kouché tibwen obò chimen, pas yo rivé koté détwa pyé fanbwayan, mé mandé sé frè la menm sa i ka pasé dèyè ; yo ka akséléré. Fo Ti-Chika maché koutkilon. Ka ou vlé fè, chyen maré sé pou bat. Ti-Chika kalé brandi-branda. Pyé a-y chiré, tout sé chik-la plen san. Ti gout pli lwen (yo ja près rivé) Ti Chika jwenn on klou wouyé. I pa di ayen i anni fouré-y an pòch a-y.
Yotoulétwa fin pa rivé aka misyé Louwa (Bondyé Bon). Mésyé ! lè yo vwè kaz-la yo mankyé tonbé mal. Apa ti mòso kaz : flè toupatou : ibiskis, wòz kayenn, lowryé tout koulè.
Yo ka bouwé èvè tout sé nonm nèy-la ka viré.
Lè yo rivé, yo fè yo rantré adan prèmyé gwan pyès kaz-la. Yo kriyé pli gran frè-la an prèmyé. On ti monman aprè, i té ja viré, lakyé dan fès : i pa té menm sa réponn on kèksyon.
Menm biten, menm bagay pou dézyèm-la. Aprésa, yo kriyé : ""Misyé Ti-Chika.""
Mésyé kyè a Ti-Chika té ka bat bidiboum. Lè i rantré an dézyèm ti pyès-la, i vwè Misyé Louwa èvè on kalité bèl ti-fi, koté-y, i manké pran kouri pas i sonjé apa jan li i ké rivé touvé sé répons la.
Lè fi a Misyé Louwa vwè Ti-Chika, i di an kyè a-y : Bondyé Sèngnè, ola tala sòti ? An ja vwè tout grosè, tout koulè, tout jan. An pò tò kò jan vwè yonn kon tala. I lèd, i pyèsté, kijan i ka maché la ? ka i an pyé a-y ? An pa bizwen chaléré kò an-mwen, a pa li ké touvé ayen.""
Yo fè Ti-chika sizé, i té ka pèd adan fotèy-la. Ti-Chika té tèlman pè, i pa té pé gadé misyé Louwa an koko zyé. Misyé Louwa pa té on mové nonm, i vwè Ti-Chika té pè, i palé janti ba-y : ""An swèf, mé an té ké vlé bwè dlo, adan on biten moun pa ni labitid bwè dlo. Es ou pé ban mwen biten-lasa ?""
Ti-Chika kyansé, i pèd lakat. Mé i pa tadé rouprann sans a-y i di : ""Mi on zékal a zé bwè dlo a-w adan.""
Misyé Louwa rété èstébékwé : Prémyè fwa on moun té ka rivé réponn on kèksyon a-y.
Fi a misyé Louwa pa té kontan menm, menm menm. i mété-y ka priyédyé pou vyé ti-boug lasa pa touvé ayen ankò.
Misyé Louwa di Ti-Chika : ""An fen ès ou pé ban mwen on biten moun pa ni labitid manjé.""
Ti-Chika tiré kaka chyen sèk la an pòch a-y i ba misyé Louwa li, èvè i di : ""Kaka chyen sèk lasa ké plen vant a-w.""
Fi a misyé Louwa komansé tonbé léta : yo pasé alkali, yo voyé kriyé dòktè enfimièz ; lè i wouvè zyé a-y i di konsa : ""Apa vyé nonm lèd-lasa an ké mayé èvè-y.""
Sé anni lè yo di Ti-Chika pòkò fin i santi lèspri a-y tigout mwens terbolizé.
Pannansitan misyé Louwa ka mò (an kyè a-y). Mé on pawòl, sé on pawòl. Pa ni moyen routouné si sa. I wou a-y koté Ti-chika ankò : An ni on tou adan chiminé a lizin an-mwen ka ou pé fè pou bouché-y ? Ti-Chika réponn : ""Mi on klou wouyé, bouché tou a chiminé a-w. Mi déba mi ! fi a misyé Louwa rété kenz jou malad, ka pléré, ka hélé anwmé, ka woulé atè.""
Pannansitan tout dòktè a misyé Louwa té ka okipé dè Ti-chika, ka gyéri bobo a-y : yo pwopté-y, yo ranjé-y, yo ba-y manjé. Ti-Chika vin bòtzè, bòtzè. Ponmoun pa té ka woukonnèt li. Lè fi a Misyé Louwa wouvwè-y i pa té pé konprann sé té Ti-Chika. I di konsa : ""Ou ka vwè sa ! On bèl ti boug, sé lanmizè i té ka rann li lèd."" Yo bay bag. On moman apré, mayé-la fèt gwan zafè aka chopin bèlè, tout pyé anba tab.
Ti-Chika té on bon ti gason. I fè fè on bèl kaz ba manman-y. Magré tousa frè a-y té fè-y i pa té ni yo si kyè a-y. I touvé on bon jand' travay ba yo aka misyé Louwa. Bon détwa tan apré, sé frè-la mayé èvè kouzin a madanm a Ti-Chika.
Mwen, on jou an té ka pasé douvan kaz a Ti-Chika, an di : ""Mé Ti-Chika o chik a-w pasé ?"" I fou mwen onsèl koulpyé a dépyé an vin échwé-la pou rakonté zòt sa.
La notation de S. Telchid dans ce texte comporte quelques fautes, notamment en matière d'accents : de nombreux ""ò"" sont notés avec un accent aigu, même en ce qui concerne les ""é"" et ""è"", il y a de nombreuses incertitudes. On signalera encore des suites de morphèmes notées en un seul mot (par exemple ""Yotoulétwa""), des tirets manquants (même le nom Ti Chika est tantôt noté ""Ti-Chika"", tantôt Ti Chika ; plus gravement les déterminants nominaux (possessifs, définis...) postposés au nom, sont tantôt reliés par un tiret, tantôt complètement séparés... Pour faciliter le travail du lecteur, nous nous sommes autorisée à des régularisations chaque fois que cela nous a semblé souhaitable.",http://creoles.free.fr/Cours/tichika.htm,2024-02-28T02:13:28Z,<urn:uuid:124db539-144b-4dbd-978b-cc66f5c214f7>,[],[],gcf-Latn,0.86,0.95,1.0,41,8870,tlsh:T1FC65B6028673D78B2FCB11C2152DEF88852C2985ED196D26FB3D5538E9D6754A573EC2D20D8F914250EC44ED48C333BBCA131466799836E2CE64932BAD32390D6CB6234D7A
"Dimanch pasé tout moun té douvan télé-yo pou té gadé final Lakoup dimond ant Lafrans kont Larjantin. Pandan tout simenn-an, yo plen tet-nou épi nouvel asou dé étjip-la. Lè sé pa Messi éti nou pa ka espéré kon lé jwif. Sé té Mbappé yo té ka ba nou.
Anlo moun té douvan télé-yo, otan sa ki pou Lafrans, sa ki pou Brésil ki ja pran fè, oben lé nouvè sipòté Matinik ki Arjanten.
Sel bagay, match-tala ba moun falfret, mal-bouden, mal vant-déranjé, mal-fwa, mal-tjè, asiparé jik ni yonndé moun éti tonbé léta, lè sé pa tonbé dekdek.
Andidan match-tala, nou konstaté sé té yenki pou lé blé yo té yé. Adjilbè konnet an boug malen kon an rat. Avan match-la, misié di i pou lé blé. Mé i pa janmen di i té pou blé pal kon triko Larjantin-an oben blé fonsé kon ta Lafrans-lan. Alafen match-la, i di étjip-li a genyen, é dapré’y i té ja sav rézilta-a. Mé I pa chonjé I di sé té Giroud éti té ké matjé dé bi ek Lafrans té ké genyen dé zero. Mantè pa ni mémwa.
Apré simenn foutbol-tala, asiré tout moun ké ni a otjipé di nwel ek joudlan pas chanté nowel ka alé ovantatè.
Biyé avion pli chè, pliziè konpayi ba lesplikasion-yo pou ba kò-yo rézon davwa yo mété sé biyé-a osélélé.
Dapré an pati, sé palakoz Kovid-la, éti yo pa travay. Kidonk yo ka éséyé ritrouvé kalibich épi lékont. Sé pou sa sé asou ka vwayajé yo ka apiyé.
Anlot konpanyi di sé padavwa lésans-lan pli chè é fok péyé.
Epi pou bout, dot di tou fò, sé palakoz Likrèn. Menmsi anlo moun viré koumansé vwayajé nou ka konstaté biyé-a pa ka sipann wosé é adan tout bagay-tala Likrèn ni bon do.
Jid
Bel poveb kréyol 693
«Difé mò, sann fret».
*
Sommaire Kréyolad
Viré monté
Bel poveb kréyol 722
«Tout soulié ni pié’y». - Jid
Pensez à signer le Livre d'Or !
Sonjé sinié livdò-la !
Forum:
Subscribe to RSS headline updates from:
Powered by FeedBurner
Les opinions et idées présentées sur le site appartiennent à leurs auteurs, elles ne représentent pas forcément celles du .",https://potomitan.info/duranty/kreyolad955.php,2024-02-26T22:16:57Z,<urn:uuid:1ce24461-055e-4faa-9172-39fb6b3a6729>,['footer' 'short_sentences'],[],gcf-Latn,0.65,0.6,1.0,15,2063,tlsh:T18D7E3F417291CBBB2DD611F6382EED914C742288EC9C1D30767A10B56AA8BCD66B9B91EA3DCF8B00A0A8CC45025BB2B7E6333930F1DD11E05E706149DD7218055ED1242CA3
"Aaaah arrété fè mwen chié dé labiè mwen brè Ou pé di mwen boulé ! pa véyé zafè mwen Barman ba mwen en kou pou mwen ratrapé kô mwen Et si ou mwen non ou kay brilé en enfè Mwen cé en bon tibolonm en boug sérieu Man ka travaille tou lé jou mèm lé jour férié Ah non sauf le dimanche ! mwen té oublié Le dimanche sé rhum épi dlo périé Pa zavè tchou mwen ki ni en malédiction Mwen pa sav sa mwen fè mai man ni bon pichon Chak fanm mwen trapé ka pren mwen pou en pigeon Yo ka sicé lagen mwen men paka minyin en nichon Hé hé a la tienne i passé Sé pa cho mhh c'est glacé Méssié mwen aléééé mwen ka déplacé Mwen ni poul mwen pou nouri épi bèf mwen pou maré Pa d'alcool au volant, abô moto mwen yé Mwen sé an père responsable, mwen sé en nonm mayé Lè i ni ligne dwèt, mwen ka roulé tou dwèt Lè i ni an virage mwen ka poussé'y sa pli sage
REFRAIN : Ti bolonm ou ka brè rhum rhum rhum Avant ou té ka fai sa po fai ganm ganm ganm Atchelmen ou pé pa rété sans bwè rhum rhum rhum Sé sa nou ka diy i pa ka tenn tenn tenn Ti bolonm lan ka mété coy ka bwè rhum rhum rhum Avan sé té pou ganm ganm ganm Atchelmen i pé pa rété sans bwè rhum rhum rhum Mai i pa ka tenn tenn tenn
Hé bé ga Gilbè, gilbè sa i di a Ho ou dwé mwen an kou mé pa ici a Bon man key passé bô cay ou apré midi a Man key minnin crase la ou sav Martini a Yé i ja midi, mwen poko minm mangé Ba mwen alé gadé sa antoinette mété enlè difé Hé fô mwen gadé pa ki chimin man key passé Jôdi a dimanche ni police ka drivé
Héé man rivé Antoinette ba mwen mangé Pa kité cracha mwen sec a té a man key énervé Mansel a minin mangé mwen ba mwen pass man key déclenché 18 ans nou mayé Ou sav bien mariw té pou rivé Sa ka fai combien l'anné man rimatché laissé allé Mais wéti mansel Antoinette dépi lè a man ka palé
(refrain)
Wéti madanm lan Yo sé diy kay la vide Mais sa pa possib Antoinette déssenn an vil Man pa inmin surprise hein tchè mwen fragile Wéti téléfone lan man key passé an kout fil Way way way way kissa ka alé la a Dépi talè a man ka tombé anlè messagerie a Antoinette zafè cow hein pass ou sav kissa man ka brè an kou pou sa",https://www.lyricsmania.com/an_kou_tombe_lyrics_x-men.html,2024-03-03T05:53:59Z,<urn:uuid:a4792ef2-6bd6-4aa0-ac49-8d3ff21d3bc9>,[],[],gcf-Latn,0.53,1.0,1.0,2,2213,tlsh:T1FB8C1E41F125EBDA27EB0AF29D29E51819581699EE517E74B23B04697F4071EA7B0CF5F7AB9B810C928D509840037875D62290D360D6A3D484AF0E3BCF331A0B1CC5220CEB
"Lasimenn pasé té ja ka ba’y nef jou moun té ka vréyé labou, pas bò kay yo té sal pou toutbon. Mé sé pa labou selman, man jik tann yonndé dé mo ki pa té djè prop, mé mwen menm pa ni dlo pou lavé’y. Kidonk man pa ka pran lapenn répété tout.
Man tann kontel:
– Ou pé di mwen, sé moun an té ja fè lagrev pandan vakans-lan, pou kouri dèyè touris épi yo viré koumansé dret jou larantré-a?
Man tann tou:
– Zot ka vréyé labou, mé lè ni opérasion mòlòkòy zot pa ka djè wouspété!
An manman yich ki ni twa tianmay lékol di konsa:
– Tianmay nou ja ka pran fè lékol, épi zafé yo chanjé sé jou-a, an plis la SME ka mété lagrev. Sé an bann bandi, yo mérité jété an dlo!
Anfen sé té an sel démélé san konprann. Sé grévis la menm di:
– Nou pé ké moli, pa menm pou an tibren dlo, pas lajan nou pa ka wosé é tout bagay ka vini chè!
Adan tout lo pawol-tala ni an bagay ki fè mwen pété ri – pas man pa té kontan non pli – mi sa an boug Lanmanten di:
– Sé vàn la SME a vini étélijan, yo fèmen kò yo tousel, pou sipòté sé grévis la pas yo menm tou yo ja tro vié, yo ka pran trop fè!
Asiparé kom ki diré, lapolis té ka véyé é i pa kolé pèsonn, mé konmen vàn dlo rivé fèmen kanmenm.
Ni yonn ki di: – (toujou ni yonn pou malpalé -:
Adan sé grévis la ni anlo ka résité!
Antouléka, man pa sav ki moun ki ni rézon, mé sa man asiré sé ki sèten koté pa té ni dlo. Sirtou dan lé wotè, dlo a pa té ni asé fos pas i té pri an notaj, i pa té ka rivé monté mòn.
Man konnet yonndé ké pofité fè mannev pou viré mété sitèn, bonm dlo lavandé ; es sa pé ké fè moustik la viré éklò?
Pétet an lè nou ké rété ki dlo zié nou… pou nou pléré!
Jid
Sommaire Kréyolad
Viré monté
Bel poveb kréyol 722
«Tout soulié ni pié’y». - Jid
Pensez à signer le Livre d'Or !
Sonjé sinié livdò-la !
Forum:
Subscribe to RSS headline updates from:
Powered by FeedBurner
Les opinions et idées présentées sur le site appartiennent à leurs auteurs, elles ne représentent pas forcément celles du .",https://potomitan.info/duranty/kreyolad538.php,2024-03-01T21:17:20Z,<urn:uuid:870e3235-dc6a-4128-9f2c-bb39511e5695>,['footer' 'header' 'short_sentences'],[],gcf-Latn,0.5,0.62,0.99,16,2107,tlsh:T15F77094155E1E71807DB43D1A57D8E4818242B9DED647DA5B23D01F965D968912F69D6E31D4EC58088AEDC840693B7F7F7324175E4D931C0CC790D67EF7114493FD21028FA
"ADN Awa !, 14 février 1952, 14 décembre 2010, 16 décembre 2008, 26 octobre 2010, Accord Bino, Affaire Jephté Depreux, Apartheid, BEO, Campêche, Charles Henri Salin, Chlordécone, Clan Koury, Cliniques KADJI, Collectif 5 Février, Conflit Danone, Dialogue social, Droit du travail, Esclavage, Etats-Généraux, Guerlain, Haïti, Justice coloniale, Kanaky, LKP, Mai 1967, Martinique, Mayotte, Mercury Day, Michel Madassamy, Mwa Mé, Octobre 1801, Pétition anti LKP, Plantation HAYOT, Prix des carburants, Procureur PRETRE, Prud’hommes, Racisme, Représentativité UGTG, SARA, Sarah Aristide, Solidarités, Tourisme, VIH/SIDA, Xénophobie, Pauvreté, Affaire ""Patrice (...), Affaire Marc SAINT-HIL, Agriculture, Algérie, Assignation en justice, Capesterre-Belle-e (...), CESER, CGOSH, CHU Lapwent, Collectif de Défense, Collectif des organisa, Construction du nouvea, Contre le Pass sanitai, Défilés, Dlo Gwadloup / Eau de, EFS Gwadloup, Elections 2020, Elections CESR, Elections Chambre (...), Elie DOMOTA, Epidémie Chikungunya, Epidémie CORONAVIRUS, Epidémie CORONVIRUS, Etats-Unis, fidel castro, Fillon / Domota, Grève C.A.S.E kapestè, Grève canal satellite, Grève Carrefour Milénis, Grève carrière de (...), Grève CGSS 2016, Grève CIST, Grève collectivités, Grève Collectvité (...), Grève de la faim Denis, Grève Hôpital Beauperthu, Grève Mairie Baie-Mahau, Grève Mairie Basse-Terr, Grève Pôle emploi (...), Grève Sablière de (...), Grève SIG février (...), Grèves, Grèves collectivités, Gwiyann, Inde, Jacques CHIRAC, Journal Rebelle, Journal Rebelle, Kanaky, Kolèktif Bastè kon (...), L’après cyclone IRMA et, Licenciement(s), Lopital Kapèstè, Louisa HANOUNE, Luc REINETTE, Marie-Galante, Meetings, Mexique, Mouvement social (...), Obligation vaccinale, Palestine, Père Chérubin CELESTE, Procès Elie DOMOTA (...), procès Jocelyn LEBORGNE, Propagande élections, Rapatriement de la, Régionales 2015, Respect des droits, Roland THESAUROS, Saint-Martin, Secteur B.T.P, Secteur Banque-Assuran, Secteur Banques Assura, Secteur Emploi-Formati, Secteur Immobilier, Secteur Nettoyage-Blan, Secteur Sécurité, Secteur Social et (...), Secteur Transport, TCSV/décès camarade (...), Total pwofitan, UEC-UGTG, ULTEA-UGTG, UNASS-UGTG, UTAS-UGTG, UTC-UGTG, UTE-UGTG, UTED-UGTG, UTHTR-UGTG, UTPP-UGTG, UTS-UGTG, UTT-UGTG, Venezuela, Virus ZIKA,
Vous êtes ici : Accueil Actualité
Kè a Kanpèch : Dimanch 7 désanm, Gwan koudmen nasyonal
Partager
Randévou a sizè é dèmi dimaten a Kanpèch pou kontinyé planté lespwa
1 réaction
I - POU KANPÈCH FÈ KANPÈCH É KONTINYÉ NOURI GWADLOUPÉYEN
A - Ka ki kanpèch ?
On pyébwa ki ka bay méyè bwa pou chabon, ki ka bay méyè flè pou miyèl, ki ka bay koulè, ki ka pousé koté ki dlo ra... on pyébwa ki nouri maléré an tout tan ;
On koté an bout a Gwadloup la ou pé dékouvé ankijan péyi la bèl, obò lanmè Latlantik, koté a gran van é a bèl soley ;
On koté la Kalina(Krayib) fouté Fwansé on glann an monman yo té vlé pwan péyi la, détwi pèp Krayib, é enstalé mès é labitid a yo, fè konmès a nonm yo woté pa fòs an péyi Lafrik pou travay pou yo anba sistenm a lèsklavaj ;
On koté kapitalis é kolonyalis fè lajan kon kann avè swé a nèg an kann ;
On lantoupwiz kapitalis fwansé gannyé pou ayen, an men a sosyété Bopò (1978) pou fè poul fè zé ;
On lantoupwiz ola 48 a 30 fanm é nonm té ka travay pou fè kapitalis gannyé plis ki 2,5 milyon léwo chak lanné, fè 60 000 poul ponn 15 milyon zé chak lanné avan-y koulé ;
32 lekta tè, 15 hanga é 3 milyon léwo zouti é matéryél ki kapitalis désidé vann 3 milyon swadizan pou yo pé woupwan sa yo pèd san di tou sa yo mèt a koté pannan sé 28 lanné la yo kontrolé lantoupwiz la ;
On lantoupwiz lèwowè on gwoup travayè lisansyé désidé anfinaldikont kolé tèt é lajan a yo, lyanné avè dot fanm é nonm Gwadloup pou kréyé on lantoupwiz la sé yo é nou Gwadloupéyen ki ka kontwolé ka pou pwodwi, avè kimoun, ankijan é pou toultan ;
On lèspwa pou nou Gwadloupéyen kapab travay pou nou kréyé on sistenm ki pé ké sanm ta kapitalis-komèwsan é posédan, ki kapab konstwi nonm, rèspékté laliwondaj, démontré an ki jan nou Gwadloupéyen pé nouri nou, nou menm padavwa bato é aviyon pé pé pa on jou chayé machandiz an Gwadloup pou alimanté é nouri sistenm a kapitalis ;
On lokazyon pou nou konpwann ankijan apwé Fwansé détwi pèp Krayib, maré fanm é nonm Lafrik anba lèsklavaj, yenki pou plis lajan, dékatyé é démouné fanm é nonm Gwadloup anba kolonizasyon é lasimilasyon, nou douwé jòdila chouké nou an konsyans, avè mémwa é gannyé fòs é pouvwa ki ni pou gannyé an sosyété Gwadloup a jòdila ....
NOU KA PWAN KANPÈCH ! NOU KA WOTÉ BWA KANPÈCH AN MEN A YO !
Kanpèch sé on koutkyanm, a pa on kout nonm ;
Kanpèch sé on lyannaj a tout lidé é tousa nou fin pa konprann, nou fanm é nonm Gwadloup apwé nou fwékanté lékòl a Fwansé, istwa é èspériyans a dot pèp asi latè, konésans a péyizan é travayè, més é labitid a pèp Gwadloup.
B - Ka nou vlé ?
Fè fanm fè fanm... !!! Fè nonm fè nonm... !!! San janmen manjé an men a yo… !!!
Kalbandé lespwatasyon kapitalis é kolonyalis !
Kontinyé nouri lalit !
Tè Gwadloup sé tan nou, nou ka pwan-y !
Pitit an nou é pitit a pitit an nou ké viv, grandi, pwan fòs, travay an Gwadloup adan on sosyété on laliwondaj, san pwoblenm ni an tèt a yo ni an kò a yo.... avè lèspwa a Kanpèch !
Pwévwa avan twota maré nou, padavwa pi plis fanm é nonm asi latè ka pwan fè anba kapitalis é mondyalizasyon, davwa yo planté manjé pou nouri lòksidan.
C - An ki jan fè kanpèch fè Kanpèch ?
ASI 32 LÈKTA TÈ NOU KAY :
Planté manjé, lévé zannimo pou vyann, prodwi kouran élèktrik é gaz ;
Konsèwvé sa nou pwodwi ;
Vann é bokanté sa nou pwodwi ;
Wouvè lékòl pou èspliké é nouri èspéryans nou vlé dévlopé ;
Wouvè pòt pou montré nou Gwadloupéyen é pèp péyi dèwò sa nou fè, avè tèt an nou é dé men an nou ;
Kréyé on lèspwi, on drapo, on chanté, lenj é koulè pou lyanné pép Gwadloup asi Kanpèch ;
Sanblé lajan san pasé pa sistenm a kapitalis.
D - Pa ki chimen nou ké pasé ?
Sanblé tout Gwadloupéyen nou konnèt, ki konnèt é ki konpwann sa pou fè an lèspwi a Kanpèch é ki kapab, agrikiltè, enjényè an tout métyé kon prodiksyon a kouran, a gaz, a pwason, mèt-a-mannyòk an transmisyon a konésans, an komès, an tourism, an sistenm a lajan. Yo dwèt pé fè lidé, lèspwa é lèspwi a Kanpèch éklò.
Gadé vwé sa ki ni an péyi déwò... (Commerce Equitable, SEL, Songhaï, La Bonne Bouffe...) é pwévwa an péyi Krayib.
Konmansé planté manjé é planté nonm toupannan nou ké fè lèspwi la pwan plas an tèt an nou.
II – SA KI JA BITYÉ JA BITYÉ !
Adan pawòl douvan la nou sòti palé la tini on lidé dévlopman a nonm pou dèmen. Fò tout fòs politik ki tan nou mofwazé pou dè bon an tout sòt matyè lékonomi. Fò nou menné pi ho, pi ho konsyans o pèp la, pou nou libéré on moso a andidan an nou menm douvan migan kolonizasyon – mondyalizasyon. Pou nou fè douvan fò nou gadé sa ki ja bityé.
A – Ki lespéryans nou ja menné ?
1 – Okipasyon a tè asi Bòn – Vèn(Lansbètran) é tè a « Cnie Fruitière » (Manten)
Prèmyé okipasyon ki fèt an péryòd la « UTA – UPG » vwè jou sété koté lanné 1976 – 77. Pou yonn, an limit Lansbètran é Kannal, tè bitasyon « Dadoud – Lagarde, Bonne -Veine » té ni onpil kolon. Yo di « Awa ! », misyé Simonet pé ké opozé yo lévé timoun a yo é nouri fanmi a yo. Evè koudmen, yo bityé tè. Jis jòdila, yo ka kontinyé travay tè lasa.
Okipasyon tè Manten konmansé an 1978. « La terre à ceux qui la travaillent ! », mi sé konsa lé sendika bwanné lé go popwyétè é raché zongonn a kapitalis fwansé an tè Gwadloup. Onlo Gwadlouyéyen montré solidarité avè lit a travayè a tè. Kolonyalis fwansé fèmé dé militan adan lajòl a yo.
2 – Okipasyon tè Galbas
Koté lé lanné 1980, okipasyon tè Galbas konmansé. Sé on lèspéryans ola onlo militan pòté fòs a yo. Jòdi-la, lé 120 èkta tè Galbas divizé an plizyè espwatasyon. SCA Galbas ki asi 60 èkta ka fè kann é zannanna. Asi rèstan la tini twa èspwatasyon, yo chak asi 20 èkta. ni plizyé esplwatasyon asi Galbas.
3 – Réfòm fonsyé an lanné 1981
Tout okipasyon a tè oblijé kolonyalis fwansé rèvwè distribisyon a tè an péyi an nou. Sé konsa RF fèt an 1981. Adan plizyè « GFA » (Groupement Foncier Agricole) tousa antré an plas an Nò Gwadloup, an plen Zabim, Mònalo é Moul, é apwé an Nò Granntè... asi 11.000 èkta. Kolonyalis fwansé mété milyon lajan an men a pwopriyétè kapitalis.
Alèkilé, péyizan mwayen Gwadloupéyen pousé asi tè Gwadloup men tè Gwadloup pòkò ka ba pèp Gwadloup manjé sa-y fò-y manjé. Kolonyalis fwansé ka simé sibvansyon pou nou kontinyé manjé asi pò – la.
B – Ki lèspéryans nou ja fè dòt koté ki an tè ?
Lalit a mouvman sosyal la fè nou konstaté : dèpi kapitalis fin siwoté lajan a Léta, lajan a Konsèy Réjyonal, lajan a Konsèy Jénéral, lajan a Konmin, yo ka fèmé lantoupwiz, yo ka chapé kò é yo ka vonmi travayè an lari la. Evè sa, mouvman sosyal la konpwann, travayè pa pòk, yo pa bwak, yo pé gidonné lantoupwiz a yo... Sé sa ki bay pi plis on dizenn lantoupwiz ola sé travayè ka kontrol... : « SAG, Station Valkanërs, Patisserie René... », é dot ankò.
C– Voyé zyé an péyi déwò... « SONGHAÏ »... an péyi Bénen (Lafwik)
Dèpi lanné 1985, ni fanm é nonm an péyi Bénen ka fè tè Lafwik poté manjé kon kann. Yo ka fè vyann, pwason, légim... yo ka fè rasin, yo ka fè fwi, yo ka fè fòwmasyon, yo branché entèwnèt, é dòt ankò.
Nou ka woutyenn lé senk pwen kapital ki lèspéryans Songhaï ka mèt douvan pou konstwi on pwojé :
Gadé laliwondaj ola pwojé la kay bityé ;
Gadé ki fanm é nonm ki la é ka yo ja pòté an laliwondaj la ;
Gadé an ki sosyété nou yé lè nou kay bityé ;
Gadé ola tèknoloji rivé an men a fanm é nonm ki an péyi la ;
... Apwé tousa, gadé kijan nou pé sanblé lajan andidan pèp la.
D - Ki lagrikilti ki fò ni pou nouri pèp Gwadloup ?
ON LAGRIKILTI KI KA RÈSPÈKTÉ :
Nonm la ;
Laliwondaj la ;
Wouchouké adan péyi Gwadloup pou nouri pèp la ;
Pwodiktè la ki ka fè tè fè manjé la... pou-y pé viv kon toutmoun !
POU BOUT !!!
Fò an mwa oktòb 2008 KAK (Kè A Kanpèch) pé di ola nou kay èvè Kanpèch é opita an
Janvyé 2009 wouvè kè a bwa Kanpèch.
I fò nou di é èspliké sa ki èstratéji an nou pou pèp la.
Fò pèp la ka konpwann klè – klè – klè, sa nou ka désidé.
Fo-y ka konpwann sa nou ka fè konm si, sa-y santi, sa-y di lèwowè-y hélé :
« Pa mannyé Kanpèch ! », nou militan, nou konpwann sa ki fò té fè.
Nou douwé kiltivé volonté a pèp la adan on lign politik, ki fwi a réflèksyon an nou asi sa-y santi pou dèmen.
Si nou kenbé fil a-y, nou ké gannyé !
Si nou lagé fil a-y, nou pèd konba !
Sépousa l’UGTG désidé bay balan a KANPECH
POU KONTINYÉ PLANTÉ LESPWA A KANPECH :
07 DÉSANM 2008 : GRAN KOUDMEN NASYONAL
Randévou a sizè é dèmi dimaten a Kanpèch,
pou planté mannyok, patat, malanga, jiwomon, kann, pwa,…
Laprémidi nou ké prézanté Pèp Gwadloup sa Travayè kay fè si tè a zansèt annou.
PA KONTÉ SI PYÉ A LÉZOT POU MACHÉ !!!
ANNOU KONTINYÉ NOURI LALIT - NOU KÉ GANNYÉ !!!
KÈ A KANPÈCH (KAK)
Association de Défense des Salariés de la Ferme de Campêche,
UGTG
UPG
Mouvman Kiltirèl AKIYO
Association ANKA
TRAVAYE E PEYIZAN
MOUVMAN NONM
date de l evenement : 7 décembre 2008
Publié par Collectif Ferme de Campêche le vendredi 5 décembre 2008
Remonter en haut de la page
A lire également
A lire aussi dans la même rubrique :
Social : Cour de cassation 35 heures : le droit local s’ajoute aux RTT
Soutien de la CDMT au Peuple Marigalantè ""Péyi Doubout"" : Kont tout pwofitasyon
Communiqué sur l’agression du jeudi 14 mai au Lycée Baimbridge
Défiscalisation & autres niches fiscales outre-mer : « Les Echos » révèlent le rapport accablant de l’Inpection générale des finances
Il était une fois : Adeline et Philippe...
D'autres articles du même auteur :
Kè a Kanpèch
Pou jaden annou pa pousé si bato : nou péké lagé Kanpèch !
Forum article
Kè a Kanpèch : Dimanch 7 désanm, Gwan koudmen nasyonal
Réaction de Shaka Zulu le 5 décembre 2008 @ 14h13
Malérèzman an pé ké yé èvè zòt mé fò zò sav tout patriyòt Gwadloup ka pòté mannèv asi pwoblèm a lagrikilti. A pa kon boug Vyézabitan-la ki bizwen fouté on pis a kous a loto asi nò Gwanntè-la. Médya ofisyèl a yo palé ti-bwen dè aksyon a 7 désanm-la mé yo pa rété two lontan asi sa. Dèpi endépandantis pa ka mèt bonb ankò sa pa ka entérésé-yo padavwa yo pé pa di bétiz ankò asi sé patriyòt-la. Tè agrikòl sa enpòtan adan on péyi. Si on péyi pa ni tè agrikòl, sé kon on loto san lésans anbò ay.",http://ugtg.org/spip.php?article657,2024-02-21T00:39:47Z,<urn:uuid:73f6a395-f788-44df-a106-89966e9ff536>,['footer' 'short_sentences'],[],gcf-Latn,0.61,0.69,1.0,77,13057,tlsh:T118919342F850DB8B0BCF22C3642FEE11046832A5FC6A3D316B2D6AB8EDD5DA4F17B852EB1C9F935012EDF8C1094B36B7CE239560745530C58E3A6837BF7619456DC262247D
"Popozision ki sòti nan Konsit LLKM za òganizé, anlè dives pwen grafi épi lòtograf lanng kréyol Matinik
Dépi travay GEREC koumansé adan lé lanné 70, ékriti an lanng kréyol koumansé simayé toupatou andidan péyi-a. Poutan, magré gwo travay GEREC, rété dives poblenm ki pòkò rézoud (swé asou bagay GEREC pa trapé tan présizé, swé asou bagay pratik-la ka fè moun épi dives mapipi viré kabéché). Kifè ni dives késion anlè manniè matjé désèten bagay nan lanng-lan.
Konsit-la (ki pran diféran fom : sanblé, latilié…), sé an manniè nou ka popozé, atè Matinik, pou nou awmonizé o pi wo, jòdijou, manniè matjé kréyol Matinik. Pou sa, nou ka séyé sanblé tout moun ka bat anlè lanng kréyol Matinik (fòmatè, matjè, militan), nan diféran moman, pou pofondé pliziè pwen.
Senk konsit ja fet, an 2019, 2020, 2021, 2022, 2023, épi an kantité patisipan ki pé chanjé silon sé lanné-a.
Kabéchaj-la pa bout, i ka alé toujou, pou rivé fè o pi bien.
Senkiem Konsit LLKM
asou ""Li ek Matjé Kréyol""
Sanmdi 30 septanm 2023
8è é dimi pou 1è, Lotel Lasanblé,
avèni Lé Karayib, Fodfwans
Dives matjè, fòmatè, militan jwenn pou wouvè mwa kréyol la épi an bokantaj asou ""Mo konpozé nan lanng kréyol"".
Man Michelle Monrose, prézidant komision ""culture, art et patrimoine"" la CTM, akéyi nou (bonvini, bon travay).
Man Jozet Burnet-Miatékéla fè mitannè.
Misié Daniel-Joj Bardury prézanté épi espitjé anmizi-anmizi, popozision gwoup travay la asou mo konpozé té préparé. Sa rédé anpil bokantaj-la.
Anbians-lan té bon, adan an larel respé, travay, épi lafanmi.
Mèsi épi bravo pou tou sa ki té la.
Nou ka pran randévou pou pochen konsit-la, toujou asou mo konpozé.
KONFÉRANS LLKM
« LANNG KRÉYOL LA,
FOS LESPRI-NOU ! »
An konférans LLKM za prézanté dé fwa : an fwa, mèkrèdi 12 jiyé 2023, éti Festival lakilti Lavil Fodfrans té envité’y nan Sénak-la, an déziem fwa éti Lavil Chelchè té envité’y, mardi 24 oktob, Lespas Ozenat.
Lé dé fwa-a, sé misié Daniel Bardury (manm LLKM, Doktè nan Langue et culture Régionale, espésialis grammaire cognitive nan lanng kréyol) épi misiè Jozef Galonde (Liannè LLKM) ki mennen konférans-lan.
An konvwa danmyé-kalennda-bèlè Lakòdinasion bèlè (ki manm LLKM) jwé kat mòso ki montré gwo travay-la sé chanté-a ka fè asou lanng-lan.
Lè 12 jiyé, Erik Pézo épi Janfranswa Liénafa ba nou an bel moman eslam, éti la tou, lanng-lan montré tout fos-li.
Lè 24 oktob, sé Janfranswa Liénafa ki té la pou sa. Twazékant, avan konférans-lan, Joby Bernabé ba nou an gran moman épi lapawol kréyol.",https://www.llkm.org/kontak/,2024-03-01T02:04:18Z,<urn:uuid:d759bbd2-ee8e-452b-9934-be6e5e6499cc>,['short_sentences'],[],gcf-Latn,0.53,0.73,1.0,11,2648,tlsh:T17DF5E5516412CE9B1FCF90E10A3A8FA450187A49BEBB6D113B3011B9486AF0CC436B96D2ED8E6248638DDC4402CB7436DC2359395D9B30E598756033FDB62C85AD90308DBB
"Sé nan lanné 1981 an éti an krey manmay ki té ka djoubaké alantou lang ek killti kréyol la, désidé chwézi an jounen pou pé sa gloriyé yo. Sé manmay-tala ki té sanblé adan dé asosiasion kontel Banzil Kréyol, té désidé ba lang kréyol la an lot balan. Poutoubon, yo té las wè wouchachè ek langannis sèvi épi lang-lan yenki kon an bagay yo ka étidié kivédi an sijé létid. Pou konpwann lidé yo, annou mété an tet nou on krey doktè pou moun mò, panché anlè jistiman an kadav ek ka koupé’y an ti mosò pou kouprann tou sa ki nan bouden’y ek pou ki rézon Bazil chayé’y alé.
Alos ki fè, sé wouchachè ek langannis-lan désidé ba nich foumi an an bel kout pié, ek désidé sèvi lang kréyol la pou fè wouchach, kivédi, sé épi lang kréyol la li menm, yo ké panché asou lang ek kilti kréyolopal la. Lidé-a té bel, lidé-a té nef. An lot soley té ka lévé ba lang-lan, an lot van té ka vanté.Van lespwa, menm si lè tan kité tan, nou wè sé té lespwa mal papay.
Men si nou ka wè sé anlè rézilta doubjak nou ka wè vayansté litè, poutoutbon chiraj-la pa ay lwen. I sòti owa kaz ek rivè bò kay vwazin-lan. Sé di ki manniè konbatan pa té vayan. An chay rézon ka esplitjé sa, men nou pé ké pozé anlè yo atjelman. Sé pa sa ki té potalan. Sa ki té ni potalans sé zafè yo éséyé, wi yo éséyé! Sa anchay di nou pa lé fè pou lang ek kilti kréyol la.
Eséyé tiré lang ek kilti kréyol anba kabann-lan éti listwè mété’y la, éséyé asepté sa menm listwè-tala fè di nou san bésé tet douvan pies dot kilti. Eséyé pèmet manmay lékol Matinik ni an chans konnet ki moun ki Pierre Belain d’Esnambuc, sav sa lanné 1635 ka riprézanté nan listwè Matinik. Yo éséyé fè Manmay péyi a pran plézi adan an swaré bèlè san di an fon kò yo , sé an bagay “vié neg”. Si sé sa, nou tout sé dé « vié neg ». Davrè nou tout sòti adan menm pies kann-lan. Menm séla éti kolon-an lévé jip ayel-yo, ek kifè jòdi a yo sé milat (mi an mo nou enmen isi a), sé bien an chan kann-lan i té yé lè sa fet. « Vié neg – la » pasé toupatou, davwè nou sav sa yo té ka sèvi lè yo té bel neg , bien vidjok, bien doubout. Yo té konsidé’y menm manniè ki an chouval vayan.
Sa vré lavi sé an fanm aveg ka fè sa i lé épi chak di nou, ek si détwa tjenbé chans-la (kon nou tout) éti sistenm fwansé a pòté ba yo, kontel lékol, jistis, lalwa, nou ké abo fwoté kò nou épi tout ti grenn sab lanmè, nou pé ké pé rifè listwè. Nou pé ké pé voyé afritjen alé ek gadé yenki fransé-a, anglé a oben panniol-la. Ek Si nou sa aksepté lidé–tala, pa ni rézon pou nou pa aksepté sa ki vini épi konstriksionnay listwè nou. Lang, kilti, mes ek labitid. Ek si an tet tout moun lang fransé a sé ta nou, fok nou sa pran lang kréyol la tou. Si ni an bagay éti neg endé pou fè ek dévlopé sé bien lang kréyol-tala. Adan fransé-a nou pa fè ahak. Yo pòté’y ba nou, nou pren’y, manjé’y, valé’y ek rikraché’y. Nou pa sa tiré oben mété ni an pwen ni an vigil. Sof lè an mo ki sòti adan liv an manmay isi a ka pran plas-li adan diksionnè fransé a. Men nou sav ki moun ka pwopozé mo ek sé popilasion-an ki ka fè’y viv oben mò.
Men lè man ka di aksepté lang-lan, sa potalan. Davwè manmay ké lévé mouch wouch, yo ké hélé kréyol sé ta yo. Yo ké di yo ka palé lang-lan. Lè yo pa ka kriyé’y patwa. Yo ké di sé bagay nou ki tan nou. Man ké tann moun di tou, lè yo kolè sé an kréyol yo ka palé, davwè pou yo kréyol sé lang émosion. Es sa lé di Fransé ek anglé pa ni émosion? Davwè sé bien nan lang-yo éti yo ka palé lè yo kòlè? Lè yo ka jouré ? Dapré mwen yo pa ka palé kréyol!
Man menm tann an manmay di pa ni lontan, fok pa nou aprann manmay kréyol lékol, davrè sé bagay nou ki tan nou, ki sòti nan fondok nannan nanm-nou. Ek fok nou gadé sa ba nou, fok pa lézot aprann li. Panniol pa ka sòti nan fondok nannan nanm Panniol-la?!!!!Ek Alman-an?!!!!
Sé menm manmay-la ka di kréyol sé bagay yo a, paré pou lévé gaoulé dèpi an krey manmay désidé fè dot bagay épi’y ki jouré, ki voyé vié blag, ki di an madanm an pawol sal an lari asou lajè fes-li. Ek man di “fes”. Yo ka jis di’y sa yo ka santi yo té ké fè èvè lajè karisti’y. Men nou konnet sé moun-tala, yo kon sa épi kelkiswa lang-lan éti yo ka sèvi-a. Poutoubon, dèpi manmay lé fè litérati, fè diez épi lan kréyol-la, dépi pwofésè lé aprann zélev péyi-a dé bagay asou listwè ek kilti Matinik, dépi an boug ka prétann di an madanm: sik a koko anmè bò’w, ou sé zétwel nwèsè lavi-mwen. Es ou lé nou batjé ansanm-ansanm asou zel lavi, ek met dousin an legzistans-nou. Si ou di mwen non, man ka mandé Bazil randévou, ladjè paré pou pété. Padavwè lang kréyol la an tet yo pa ni pou fè sa. Poutji? Ki manmany ki di sa? Ki désidé sa? An manmay an péyi lot bò ? Man pa ka kwè. Nou menm épi nouk nou ni nan tet nou? Man sèten.
Menm manniè, man ka tann anchay manmay ka di kréyol difisil pou li, pou matjé. Dot ka di ankò sé pa lapenn yo aprann davrè yo ja pa palé kréyol. Alos si sa vré pies Panniol pa pou alé asiz asou an ban lékol pou aprann lang-la, davrè yo tou sa palé panniol. Si yo pa sa matjé’y ek li’y, sé an bon bagay, sa lé di ki menm manniè ki tout lang, fok asiz ek aprann larel li. Si i ni an lang ki red pou matjé, sé bien fransé-a, pou matjé son “o” selman, ni pliziè manniè, annou wè: “o” coco, “au” saut, “eau” beau, “aux” maux, ek nou ké arété la davrè ni dot, an kréyol yo ka matjé “o” an sel manniè “o” kontel “koko”. Man té ké lé an moun di mwen an ki sa lang lan difisil oben kiles ki pi difisil ant kréyol-la oben fransé a. Lentansion-mwen sé pa met fwansé ek kréyol yonn kont lot, sa pa vré, lang kréyol twop jenn pou prétann fè fanm douvan fransé-a. Lang fransé a ni an listwè ki long kité long ka alé. Kréyol sé an jenn lang ki mérité ni chans li tou. Davrè i ka chayé dèyè’y tou sa nou yé, ek tou sa nou lé divini. I ka chayé listwè Matinik. I ka chayé l’Afrik, l’Ewop, l’Anmérik, l’End, i ka chayé kal bato, kolon ki débatjé pou éséyé labouré, Karayib ki rifizé antrè anba lestravay, neg yo chayé pou labouré ek travay kann, ki konstwui, swé, mò pou péyi-a ouvè zel-li. Kréyol-la ka chayé van libèté 1848, van 1946. Kelkanswa sa nou pé di asou direksion péyi-a pran, listwè ka fè ta’y san mandé pèsonn sa i ka vann.
Men sa ki sèten, fok nou pran titak tan pou ba kò-nou an chans. An chans ba lang kréyol la an lanmen, an dousin, an lov. Men, sa sé an désizion nou chak ni pou pwen épi pwop kò-nou silon sa lang-lan ek kilti-a ka riprézanté ba nou. Silon lidé nou ka fè asou sa nou yé ek sa nou lé. Petet manniè nou ké réponn, ké fè, nou pé ké bizwen ankò an jounen kréyol oliwon latè. Davrè tou lé jou ké an jounen lang ek kilti kréyol an lavi-nou.
Pou bout, fok nou sav si nou lé wouchachè pa bò l’Anmérik, l’Almany ek Japon kontinié étidié lang-nou kon an bagay siantifik pòtalan, lè nou menm ka konsidéré’y kon an patwa san twop lentéré. Man ja ka tann manmay ka di : davwè wouchachè an péyi dèwò ka étidié lang ek kilti kréyol pa lé di ayen, pas siantifik ka étidié tou bagay, kontel nich foumi, koulè zékal tòti, oben sivilizasion ki ja bésé rido-yo kidévi éti disparet ja pran.",http://www.latribunedesantilles.net/article/28-oktob-jounen-lang-ek-kilti-kreyol-oliwon-late,2024-02-28T21:34:28Z,<urn:uuid:ef8a3177-3e13-4bb4-8be8-0edf0ebcbd5c>,[],[],gcf-Latn,0.68,0.88,0.99,8,7529,tlsh:T12A6E39F16151DB770FCF50E26AEF4B94A8140748F95B6E607B3E04F85FDC20C5076EA1D36D9F9780A0ACD8A00987E172DC3345BA7CE532D0EA79C67AAF7A19096CD11038EA
"Senkan apré i pati an péyi san chapo, Neg fondamantal-la, toujou an tjè moun Matinik. Li éti ki fè anlo neg santi yo neg pou bon.
Mé si i fè an nouvo filzofi épi la Négritid, ni yonndé moun éti ki égri, san fè létid. An gran konsit fet Latriom, la té ni tout kalté moun:
– Sézérofil éti ka fè tout bagay pou liv Sézè kontinié fè fil kon an sèvolan an siel limanité.
– Sézérolat, sé pa milat selman éti ki rayi neg, sirtou lè’w di yo sé an nègres ki manman yo. Sézérolat rayi neg, pa menm palé di Sézè limenm. Y opa djè valé sa dous kon siro lè Sézè té di yo fok yo émé Lafrik.
Epi ni lé Sézéromàn, sé tala ni la Sézéromani, yo pé paf è dé fraz si yo pa sòti’w an fraz Sézè. Sézè di si, Sézè di sa.
Anfen pou palé di an dènié kalté, sé lé:
– Sézérofob, sé tala ka wouspété dépi janvié 2013. Lè ou wouvè lapot zorè’y ou, mi sa ou ka tann yo ka di :
– Poutji yo pa ka kité gran-nonm lan pozé tibren?
– Poutji yo ka palé yenki di Sézè,Sézè,Sézè sé li yonn ki fè pou Matinik?
Konsit lasimenn pasé a épi gran-grek ki sòti tout oliwon latè, ka montré nou ki pawol jéyan-tala poko fè moun kabéché. Pas Sézè Emé pa té anvi nou mété pies vié mas an fidji lidantité nou. I pa té lé non pli nou kouri vidé an kannaval lézot.
Mé sa sé an Sézérolad
Jid
Sommaire Kréyolad
Viré monté
Bel poveb kréyol 722
«Tout soulié ni pié’y». - Jid
Pensez à signer le Livre d'Or !
Sonjé sinié livdò-la !
Forum:
Subscribe to RSS headline updates from:
Powered by FeedBurner
Les opinions et idées présentées sur le site appartiennent à leurs auteurs, elles ne représentent pas forcément celles du .",https://potomitan.info/duranty/kreyolad476.php,2024-02-26T20:48:15Z,<urn:uuid:139c3f44-ce74-4fb9-a0e9-76be5f156041>,['footer' 'short_sentences'],[],gcf-Latn,0.73,0.65,0.99,17,1717,tlsh:T1F7A8A13154D1DB070BCF92D1751FEFD00428268CDD1C5C063F7984BEBBDB74564B554BE6086F9554E61CCC580053F137F96A042DE0DA61C70B39B5A7FDB909806DA31009B6
"Sé sa anlo moun ka mandé, mé sa vré, lè an bagay nouvo, tout moun lè wè’y. E sé pa Matinik selman. Es nou pé blamé yo?
Man konnet yonndé moun ki garé gwo BM yo, kisasayésa gwo loto, ében yo garé sa pou sa pran an ti-dousin TCSP.
(Sa vré mwen menm poko batjé, mé asiré simenn-tala man abò).
Pou dépi jou éti yo ka palé di zafè BHNS-tala, yo jik fè lafet pou di, i pé ké janmen woulé épi moun abò.
Eben menmsi anlo moun wè’y ka sikilé a vid, yo fout ni dwa fè an ti-kou tou. Adjilbè ja pran an ti-swi. E dapré misié sé pa kon sé bis MOZAIK-la, sa jis klimatizé. Epi chalé sé jou-tala sa pa néglijab.
Lè moun an Frans, yo ka pran métro, tram, tren, poutji yo pé pa pran BHNS-la. Menmsi sèten fè lafet pou di komva sel BHNS yo konnet: sé kann béach Enès-la!
Sé moun lan ni rézon kité loto yo pou pran an dousin BHNS pou zafè anboutéyaj-la kom moli tibren.
Mé es sé taksiko-a ké moli?
Antouléka dapré sa man tann, yo pa lé katrèvanmil éro selman. Sirtou si yo té ponmet yo plis an tan Konsèy Jénéral.
Sel bagay nou ka swété, sé ki yo pa blotjé nouvo transpò-tala. Pas moun linò atlantik ek linò karayib ka espéré tou, an nouvo model transpò. Sirtou lè yo ka anvizajé vréyé moun Kaz-Pilot jis Préchè alé péyé lenpo yo jik pa koté Trinité. Si pa ni transpò ba tout moun, ki manniè yo ké fè?
Pou tousa tan yo fè nou atann, annou pran an ti-dousin!
Jid
Sommaire Kréyolad
Viré monté
Bel poveb kréyol 722
«Tout soulié ni pié’y». - Jid
Pensez à signer le Livre d'Or !
Sonjé sinié livdò-la !
Forum:
Subscribe to RSS headline updates from:
Powered by FeedBurner
Les opinions et idées présentées sur le site appartiennent à leurs auteurs, elles ne représentent pas forcément celles du .",https://potomitan.info/duranty/kreyolad730.php,2024-02-29T17:19:33Z,<urn:uuid:586b6a37-44bf-49c4-b606-7b0aea248447>,['footer' 'short_sentences'],[],gcf-Latn,0.65,0.6,1.0,15,1788,tlsh:T1C50286318584FB431FDE10E22E7FDB5088643388CD98AA757BB819EA69C874A13B566BD31ECE2900D1CD9C100197B3A7EE710170FDE071C2867AA158EC3721816FA6106CD7
"« Manman, lagrev baré mwen, misié Michel pa lé bay dé fran ». An 1900, Sé ouvriyé-a ka pran bon fè. Sé patwon-an ka pijé yo opiwo. Sé travayè-a ka mandé yo péyé yo 2 fran pou an tach. Sé pi gwo réklamasion-an. Yo ka mandé tou pou yo fini épi sistenm « ptjan-an », ta « kayidon-an », épi ta dimijounen an.
Grev-la ka démaré lendi 5 févriyé 1900 Sentmari/Trinité. Sé travayè-a ka déplasé, sòti dan an bitasion, alé dan an lot, sòti dan an réjion, alé dan an lot, pou yo fè travayè ki pòkò an grev sispann travay épi rantré an lagrev-la. Apré Loren, Marigo épi Trinité, lagrev-la ka rivé Wobè épi Lanmanten, mèkrédi 7 Févriyé. Anlè 21 lizin, 8 an lagrev-la.
Mèkrédi 7 Févriyé, direktè lizin Franswa ka mandé yo vréyé larmé épi lajandamri pou « potéjé » lizin-lan. Liétnan Kkan ka débatjé Franswa épi an krey jandam. Popiétè lizin-lan ka lojé yo nan lizin-lan menm.
Jedi 8 févriyé, apochan 400 grévis ki sòti Wobè ka rivé an katkwazé Wobè-Franswa. Sé jandam-lan ka tiré : dis travayè touvé lanmò-yo, 12 blésé grav.
Apré yo tiré anlè sé travayè-a, mouvman-an pa ka fébli, okontrè i ka pran fos ek i ka genyen réjion lisant épi lisid. Désèten koté, ni yonndé ensandi. Sé pou sa chanson-an ka di : « Yo brilé kann bétjé, yo ensandié bitasion-yo ». Sé bétjé-a obijé négosié.
Key ni dé négosiyasion : yonn ka fet Sentmari, lé 13 févriyé, éti sé travayè-a ka konté asou dé politisien (Parti républicain deprogiste) pou défann lentéré-yo ; an lot ka fet Tibouk Lavièsalé, lé 15 févriyé, éti sé travayè-a ka nonmen moun anpami yo menm pou défann yo.
A lofisiel, grev-la ka bout lé 15 févriyé 1900. Men pou travay-la viré pran tout koté vréman, sa ka trennen jik an koumansman mwa mars-la, soutou dan Linò éti anlo travayè pa dakò épi akò-a ki fet Sentmari.
Rézilta-a pa fò : yo ka tiré pitjan-an, kayidon-an épi dimi-jounen an, men pou lapey, dé koté sé 1,25 fran, dot 1,50 fran. Épi lajistis ka kontinié adan larel sé jandam-lan, menm apré travay-la viré pran : yo ka rété 105 moun an févriyé-mars 1900.
Twazékant, lagrev-tala ka siyalé lantré klas sé ouvriyé-a nan listwa Matinik. I ka démaré anlot tan adan gran konba-a ka alé a kont pijman ek pou lonnè-respé.
KAT MATINIK
POU SAV, POU FÈ MOUN SAV
(adan ribrik ""Aprann kréyol"")
Popozision ki sòti nan Konsit LLKM za òganizé, anlè dives pwen grafi épi lòtograf lanng kréyol Matinik
Dépi travay GEREC koumansé adan lé lanné 70, ékriti an lanng kréyol koumansé simayé toupatou andidan péyi-a. Poutan, magré gwo travay GEREC, rété dives poblenm ki pòkò rézoud (swé asou bagay GEREC pa trapé tan présizé, swé asou bagay pratik-la ka fè moun épi dives mapipi viré kabéché). Kifè ni dives késion anlè manniè matjé désèten bagay nan lanng-lan.
Konsit-la (ki pran diféran fom : sanblé, latilié…), sé an manniè nou ka popozé, atè Matinik, pou nou awmonizé o pi wo, jòdijou, manniè matjé kréyol Matinik. Pou sa, nou ka séyé sanblé tout moun ka bat anlè lanng kréyol Matinik (fòmatè, matjè, militan), nan diféran moman, pou pofondé pliziè pwen.
Senk konsit ja fet, an 2019, 2020, 2021, 2022, 2023, épi an kantité patisipan ki pé chanjé silon sé lanné-a.
Kabéchaj-la pa bout, i ka alé toujou, pou rivé fè o pi bien.
Senkiem Konsit LLKM
asou ""Li ek Matjé Kréyol""
Sanmdi 30 septanm 2023
8è é dimi pou 1è, Lotel Lasanblé,
avèni Lé Karayib, Fodfwans
Dives matjè, fòmatè, militan jwenn pou wouvè mwa kréyol la épi an bokantaj asou ""Mo konpozé nan lanng kréyol"".
Man Michelle Monrose, prézidant komision ""culture, art et patrimoine"" la CTM, akéyi nou (bonvini, bon travay).
Man Jozet Burnet-Miatékéla fè mitannè.
Misié Daniel-Joj Bardury prézanté épi espitjé anmizi-anmizi, popozision gwoup travay la asou mo konpozé té préparé. Sa rédé anpil bokantaj-la.
Anbians-lan té bon, adan an larel respé, travay, épi lafanmi.
Mèsi épi bravo pou tou sa ki té la.
Nou ka pran randévou pou pochen konsit-la, toujou asou mo konpozé.
KONFÉRANS LLKM
« LANNG KRÉYOL LA,
FOS LESPRI-NOU ! »
An konférans LLKM za prézanté dé fwa : an fwa, mèkrèdi 12 jiyé 2023, éti Festival lakilti Lavil Fodfrans té envité’y nan Sénak-la, an déziem fwa éti Lavil Chelchè té envité’y, mardi 24 oktob, Lespas Ozenat.
Lé dé fwa-a, sé misié Daniel Bardury (manm LLKM, Doktè nan Langue et culture Régionale, espésialis grammaire cognitive nan lanng kréyol) épi misiè Jozef Galonde (Liannè LLKM) ki mennen konférans-lan.
An konvwa danmyé-kalennda-bèlè Lakòdinasion bèlè (ki manm LLKM) jwé kat mòso ki montré gwo travay-la sé chanté-a ka fè asou lanng-lan.
Lè 12 jiyé, Erik Pézo épi Janfranswa Liénafa ba nou an bel moman eslam, éti la tou, lanng-lan montré tout fos-li.
Lè 24 oktob, sé Janfranswa Liénafa ki té la pou sa. Twazékant, avan konférans-lan, Joby Bernabé ba nou an gran moman épi lapawol kréyol.",https://www.llkm.org/mak-listw%C3%A8/f%C3%A9vriy%C3%A9/,2024-03-01T02:17:13Z,<urn:uuid:573ff3d8-aaf7-4ee6-bb05-355928a2fb08>,[],[],gcf-Latn,0.73,0.74,1.0,23,5048,tlsh:T17A5674A19516DF9B2BCAA1E1196B9FD840283645FFB668223B3015A95DB9B0C9137F96D3AE8E7204629DDC4001CB3177DC2349B52DDA30E098B6A037FD7A28457D903098BB
"Magré mwa mas-la dit dépi lontan, ni anlo moun ka alé wè Athon ovantatè pou mandé’y mas. Misié ka fè yol, i pa ka fè mas.
Atjelman tout ka fè débriya épi machin-yo pou koud. Sé pa lenj yo ka fè mé mas alé-viré. Mé es sé mas-tala bon?
Asiparé komkidiré fok sa fet o nom «AFNOR». Es sé pa anlot manniè kontrolé moun?
Maskarad
Madanm Adjilbè té ja fè an tjò mas, i té konté vann yonndé pou trapé an ti-lanmonné-kod. Mé Istanislas di konsa tout moun ankazé pé pa vann mas. Es tousa pa an maskarad ?
Léta pa lé ped linò, yo trouvé anlot manniè fè lajan. Épi milion yo ponmet moun, yo bizwen lajan antré.
Épi sé jou dézankazaj-la, an sel mo ou ka tann:
«Mété mas-ou!»
Délè man ka mandé kò-mwen es sé mas-la pa ka ri tout lo makakri-tala?
Anlo moun ka alé vizité fanmiy-yo ka viv an masak, pas yo pé pa menm wè yo lopital. Ki malad, ki fanmiy ka pran doub fè.
Mas koko
Ni an konpè Adjilbè ki ni an montray asou Mas koko, misié pofité viré-mété sa déwò. Mé yo di’y i pa ka respekté distans sosial. Kivédi i ka fè moun sanblé kon adan an bal toufé yenyen. Tandik ki fok moun omwen a dé met.
Masabiel
Ni an group moun éti désidé fè an won Masabiel pour trapé an gras, pou viryis-tala pa kontinié rapé moun an fanmiy-yo ek mennen ba Bazil.
Antouléka, Adjilbè di mwen i ka espéré le 11 mé kon tè sek an tan Karenm. I paré telman, i ni wonz mas. Apré i éséyé yonn adan yo, madanm-li di’y konsa:
— Tiré mas-la an fidji’w, man pa ka rikonnet ou!
Sé ki san mas, misié té ni an fidji monstré. Ban mwen mété ta mwen pou man pa trapé pies kontravansion.
Jid
Bel poveb kréyol 560
«Fonmi chayé ravet» mé viryis-la fè tout moun doubout dwet.»
*
Sommaire Kréyolad
Viré monté
Bel poveb kréyol 722
«Tout soulié ni pié’y». - Jid
Pensez à signer le Livre d'Or !
Sonjé sinié livdò-la !
Forum:
Subscribe to RSS headline updates from:
Powered by FeedBurner
Les opinions et idées présentées sur le site appartiennent à leurs auteurs, elles ne représentent pas forcément celles du .",https://potomitan.info/duranty/kreyolad820.php,2024-02-26T21:57:02Z,<urn:uuid:d7bc313e-1118-408a-b470-506f714fdf24>,['footer' 'short_sentences'],[],gcf-Latn,0.66,0.67,0.99,18,2092,tlsh:T132EA98415200EB6B2BCD45D16D3DAB78682832CEDE564E717B7484F81E48E5F00B2A87E76D8E9E8042DCDC5057C7767BEB621461F1E432D089AE096AFDB107911EA3106CBB
"Le 22 septembre dernier, les amies et camarades de Simone Damator ont profité de son anniversaire pour lui rendre un hommage bien mérité, entourée de ses enfants et de ses proches. Ce fut une soirée sympathique autour des 80 ans de Simone et d’un agréable dîner offert par ses enfants. De nombreux souvenirs allant de ses contacts humains à ses activités militantes ont été évoqués qui ont ravi et ému l’assistance. Pour clôturer, un vibrant «International» plein d’ardeur, et repris en boucle par les jeunes femmes qu’elle accompagne depuis des années, comme pour dire à Simone : «nou la osi, nou ka vini».
INTERVENTION DE LA DELEGATON DE LA SECTION COMMUNISTE
Chère Simone,
Notre amie, notre camarade, notre coéquipière, notre soeur de combats. Aujourd’hui tu as franchi gaillardement la ligne jaune des quatre-vingts ans. C’est un bel âge et cela se fête.
Nous saisissons l’occasion de cet anniversaire pour te témoigner toute la satisfaction, tout le plaisir que nous avons eu de travailler ensemble, de partager nos joies et nos peines. Nous avons décidé de te dire, en présence de tes enfants et de ta famille, les sentiments très forts que nous avons pour toi et surtout sur quelle base nous avons construit ces sentiments de profonde amitié, de franche camaraderie, de joie de vivre et de lutter ensemble pour un avenir meilleur.
Nous sommes fiers de toi car tu incarnes la victoire de la pauvreté, du travail, du courage, sur la société de prébendes, de paresse, d’oisiveté et de vice, sur la société capitaliste, la société des pwofitan.
Ou sé on maléréz ki goumé pou lévé 9 pitit aw. Ou chayé sann an panyé, raket an sak min ou pa jen koubé léchin douvan mizè a la vi, pas ou chwazi kan aw. Van vanté, Kokoyé vèt tombé min ou rété jouké adan la lit pou rann vi an nou méyè, pou zanfan Gwadloup touvé travay an péyi a yo, pou yo pé okipé dè avèni a yo é de vi a fanmi a yo.
Simone, ou sé on ti hach ki ka koupé gwo bwa. Non sèlman travay pa jan fèw pè, men ou touvé mwayen dè té ni tan é fos pouw té milité o sérié adan dé owganizasyon ki maké vi a la Gwadloup. Jodijou ou sé on vétéran an aktivité a l’Union des Femmes Guadelou-péennes é o Parti Communiste Guadeloupéen. Ou lité a koté a fanm Gwadloup pou nou té raché méyè kondisyon dè travay é sa yo ka kriyé «droits sociaux» kon Sécurité sociale, congés de maternité, allocations familiales, retraite des vieux travailleurs, dwa a fenm dè pé travay é jéré lajan a yo… Ou pa manké ponw konba pou té wouvè zyé a manman zanfan. Pa examp komba nou menné pou nou té raché lisé a Sentann et avan sa, prèmyé kolèj a Sentann. Men sa ké two long pou nou sité yo tout.
Poutan la vi paté jenti avew. Ou pran kalot rèd, min ou toujou rèbondi. Mi sé sa ki on fanm doubout, on fanm poto-mitan, ki kimbé kaz la doubout, ki an bo tan, ki an mové tan.
Jodi jou nou sav ou ti bwen fatigé. Sa nowmal pas ou ja byen roulé. Men nou kontan dè vouèw ankô byen doubout, é nou soulajé dè diw jodila kè nou inméw tou plen, tou plen.
Vi an nou té rèd men i té bèl osi, pas nou ka kwè adan on avèni méyè kè nou préparé avè les zot zanmi é kanmarad.
Mèsi Simone pou lé ti moman dè ri o zécla nou téka ni, menm lè nou té ja las travay, pas ou té ni dé ti pawol pikan ou té ka di é nou téka oubliyé tout penn.
Simone, la militante, la battante, ou sé on examp pou fanm Gwadloup. Timoun aw pé èt fyer dè manman yo, é ayen pa té ké pli bèl kè yo pwan flanbo la an men aw.
O swè la Jacqueline, Florent, Régina é mwen menm nou vin diw o non a tou lé zanmi é kanmarad aw : «Heureux anniversaire et longue vie parmi nous !».",https://www.nouvellesetincelles.fr/article/4213/Hommage-a-la-camarade-Simone-Damator-a-l-occasion-de-son-80e-anniversaire.html,2024-03-02T23:12:52Z,<urn:uuid:83a6517e-e63d-4e50-b0eb-0c159b6abbad>,[],[],gcf-Latn,0.53,0.64,0.99,11,3752,tlsh:T13EFC5A71A555D7902FF322824D2ECB590028714AFF35BE60197FE839E49D3DB4832A56D2278F8AC0309998C101A3FB26893394E8795D36DACB71EA4A9F310A058DD56371FC
"Cliquez ici pour aller directement à la méthode en créole guadeloupéen Métòd an kréyòl Gwadloup (GEREC-F 1)
Cliquez ici pour aller directement à la méthode en créole martiniquais Métod an kréyol Matinik (GEREC-F 2)
Téléchargez ici la méthode en créole guadeloupéen et martiniquais en format pdf : ÉPRÈV ÉKRI-LA an Kréyòl Gwadloup é Matinik
Métòd an kréyòl Gwadloup (GEREC-F 1)
ÉPRÈV ÉKRI-LA :
PENGAD (Tansyon) ! On dosyé konplé ka fè on bon ventenn paj. Pa pè ! Pa bigidi nonplis ! Sé padavwa sé 3 kréyòl-la adan menm dosyé-la (Rényonné-la apa).
Dabòpouyonn, prèmyé prèmyé travay a-zòt sé chwazi kilès sijé kréyòl zòt pou pasé : Gwadloupéyen-la ? Matiniken-la ? Guiyané-la ? Rényonné-la ?
Poudé, chwazi sé kèsyon-la ki ka korèsponn èvè séri bak a-zòt la. Pou tout sé séri-la, annisòf pou L, éprèv-la ka diré dézè d’tan. Pou sé L-la i ka diré twazè d’tan.
Poutwa, avan zòt kouri réponn sé kèsyon-la é èsprimé zòt an kréyòl, tanprisouplé, pran titak tan li sé tèks-la avan. An jénéral, sé L-la ka ni 3 tèks é sé lézòt séri-la ka ni 2 sèlman.
Alèla, zòt près paré pou réponn sé kèsyon-la é èsprimé zòt an kréyòl. Ka manké dé travay fondal pou fè pannan tout lanné-la, sé antrenné zòt li é maké kréyòl-la toulongalé. Pa konpwanndi si zòt pa fè sé 2 antrennman-lasa avan jou a éprèv-la, zòt ké alèz douvan sé tèks-la, piplis siwvwè sé tèks litérè, kivédi adan on kréyòl zòt pa ni labitid sèvi épi-y.
Konnyéla, zòt paré pou réponn. Mé ki modèl kèsyon zòt ké jwenn anba zyé a-zòt ? Kijan pou réponn ? Konmen tan pou pasé asi yo ? An ki lang pou réponn ?
Chak sijé bak dékatiyé an 2 mòso:
mòso 1: Konprann tèks-la. I ka pézé 10 pwen
mòso 2 : èsprimé-w an kréyòl (bay grennsèl a-w). I ka pézé 10 pwen osi.
Adan mòso 1 la, korèktè-la vlé sav si zòt ka konprann tèks-la (antoutjan, sé tit a-y !!). Kidonk, zòt ka réponn dapré tèks-la. On pawòl fondal, kivédi pòtalan oben enpòwtan (zòt vwè sa ! A pa kréyòl lari pou sèvi èvè-y, on) pou sonjé : rèspèkté konsign-la. Siyanka yo ka mandé zòt, anplis, sité tèks-la, sèvi èvè pawòl a makè-la, antoutjan, zòt ni pou (oblijé) fè-y, kivédi bay pasaj-la ka korèsponn la èvè lign a-y ( « …… », lign …). Konmen tan ? Sa sé afòs antrenné, zòt ké sav kijan pou jéré tan a-zòt. Sonjé gadé on titak tan okoumansman pou li sé tèks-la byen toubònman, on titak tan anbout pou wouli travay a-zòt é korijé fòt òtograf zòt fè. Pétèt éséyé lanmwatyé tan pou chak mòso !!! Ki lang pou palé ? kréyòl, yenki kréyòl. Fransé pa adan !!
MOSO 1: Konprann tèks-la. I ka pézé 10 pwen
I séparé an plizyè kalité kèsyon :
Ki dokiman ?: idantifyé tèks-la (pasaj a on woman, istwèkout, artik, kont, fab…), ki larèl, ki sijé i ka bòdé…… ?
Ki védiyans (sans) a sé mo-la, sé pawòl-la ?: dékatiyé, èspliké ka yo vlédi, toujou dapré tèks-la.
Ki analiz ?: kèsyon ki ka pèrmèt fouyé tèks-la, konprann istwa-la (kimoun, ola, kitan, kijan, pouki, ki liyannaj, ki diférans, ki wòl…).
Ki nosyon ? Ki nosyon yo ka bòdé ? Dékatiyé pouki yo ka bòdé nosyon-lasa oben sé nosyon-lasa…
…. é dòt kèsyon ankò… !
MÒSO 2: Esprimé-w an kréyòl. I ka pézé 10 pwen osi
Bay grennsèl a-zòt anlè on lidé ki liyanné èvè tèks-la. Pé ni plizyè konpozisyon pou fè. Chak konpozisyon ni on kantité lign pou rèspèkté (toujou konsign-la !!) dapré séri-la zòt ka pasé la.
Ògannizé grennsèl a-zòt. On ti pawòl-douvan, on dékatman é on pawòl poubout, séparé an paragraf ka montré on bon siktirasyon, kontriksyònman a lidé. (Men tansyon !! Pa maké tit « pawòl douvan », « dékatman » ni « pawòl poubout ». Sa pa adan !!).
Bokanté lidé, séparé lidé, opozé lidé, sanblé lidé, mé pa bliyé sèvi èvè mo zouti (pou liyanné lidé, paragraf…) zòt aprann an klas a-zòt oben adan lèkti a-zòt.
Bwa pou nou alé !!
Retour en haut de page
Métod an kréyol Matinik (GEREC-F 1)
ÉPREV ÉKRI-A
PANGAD (Tansion) ! An dosié konplé ka fè an bon ventenn paj. Pa pè ! Pa bigidi nonpli ! Sé davwè sé 3 kréyol-la adan menm dosié-a (Rénionné-a apa).
Dabòpouyonn, primié primié travay -zot sé chwézi kiles sijé kréyol zot pou pasé : Gwadloupéyen-an ? Matinitjé-a ? Guiyané-a ? Rénionné-a ?
Poudé, chwézi sé kèsion-an ki ka koresponn épi séri bak zot la. Pou tout sé séri-a, annisof pou L, éprev-la ka diré dézè di tan. Pou sé L-la i ka diré twazè di tan.
Poutwa, avan zot kouri réponn sé kèsion-an ek esprimé kòzot an kréyol, tanprisouplé, pran titak tan li sé teks-la avan. An jénéral, sé L-la ka ni 3 teks é sé lézot séri-a ka ni anni 2 selman.
Atjelman, zot pres paré pou réponn sé kèsion-an ek èsprimé kòzot an kréyol. Ka mantjé dé travay fondal pou fè pannan tout lanné-a, sé antrennen kòzot li ek matjé kréyol-la toulong. Pa konpwanndi si zot pa fè sé 2 antrennman-tala avan jou éprev-la, zot ké alez kòzot douvan sé teks-la, piplis sianka sé teks litérè, kilédi adan an kréyol zot pa ni labitid sèvi épi’y.
Aprézan, zot paré pou réponn. Men ki modèl kèsion zot ké jwenn anba zié zot ? Koumanniè pou réponn ? Konmen tan pou pasé asou yo ? Nan ki lang pou réponn ?
Chak sijé bak dékatiyé nan 2 mòso:
mòso 1: Konprann teks-la. I ka pézé 10 pwen
mòso 2 : esprimé kow an kréyol (bay lidé ‘w). I ka pézé 10 pwen, tou.
Adan mòso 1 lan, korektè-a lé sav si zot ka konprann teks-la (antoutmanniè, sé tit li !!). Kidonk, zot ka réponn dapré teks-la. An pawol fondal, kilédi pòtalan oben enpowtan (zot wè sa ! Sé pa kréyol lari pou sèvi épi’y, on) pou sonjé : respekté konsign-la. Sianka yo ka mandé zot, anplis, sité teks-la, sèvi épi pawol matjè-a, antoutmanniè, fok zot fè’y, kilédi bay pasaj-la ka koresponn la épi lign lin a ( « …… », lin …). Konmen tan ? Sa sé afos antrennen kòzot, zot ké sav koumanniè pou jéré tan zot. Sonjé gadé an titak tan okoumansman pou li sé teks-la bien toubannman, an titak tan anbout pou viréli travay zot é korijé fot òtograf zot fè. Pétet éséyé lanmwatié tan pou chak mòso !!! Ki lang pou palé ? kréyol, anni kréyol. Fransé pa adan !!
MOSO 1: Konprann teks-la. I ka pézé 10 pwen
I séparé an pliziè model kèsion :
Ki dotjiman ?: idantifié teks-la (pasaj an woman, istwèkout, artik, kont, fab…), ki larel, ki sijé i ka bòdé…… ?
Ki lédiyans (sans) sé mo-la, sé pawol-la ?: dékatiyé, esplitjé sa yo lédi, toujou dapré teks-la.
Ki analiz ?: kèsion ki ka permet fouyé teks-la, konprann istwè-a (kimoun, koté, kitan, kimanniè, poutji, ki liyannaj, ki diférans, ki wol…).
Ki nosion ? Ki nosion yo ka bòdé ? Dékatiyé poutji yo ka bòdé nosion-tala oben sé nosion-tala…
…. é dòt kèsion ankò… !
MÒSO 2: Esprimé kow an kréyol. I ka pézé 10 pwen, tou.
Bay lidé zot asou an pawol ki liyanné épi teks-la. Pé ni pliziè konpozision pou fè. Chak konpozision ni an kantité lign pou respekté (toujou konsign-la !!) dapré séri-a zot ka pasé a.
Ògannizé lidé zot. An ti pawol-douvan, an dékatman ek an pawol poubout, séparé an paragraf ka montré an bienbon siktirasion, kontriksiònman lidé. (Men tansion !! Pa matjé tit « pawol douvan », « dékatman » ni « pawol poubout ». Sa pa adan !!).
Bokanté lidé, séparé lidé, opozé lidé, sanblé lidé, men pa bliyé sèvi épi mo zouti (pou liyanné lidé, paragraf…) zot aprann an klas zot oben nan lèkti zot.",http://eritaj.org/bacs-creoles/preparation-a-lepreuve-ecrite-2/,2024-02-26T20:58:56Z,<urn:uuid:29d52e56-ddb8-4ae1-9511-ca2abb04f812>,[],[],gcf-Latn,0.84,0.93,0.99,40,7654,tlsh:T144C163F173B4CF8B1FC610E3182E077465681349ED0A2924777C6574FA84349E2B7E66E72FD99708D094CC8A02D77367EC2322B8ACE574E8356BDA23FF3819547C81312DBA
"(extraits d'une interview de Katrin René-St-Eloi, certifiée de créole, extraits de Sept-Magazine n° 1202, 25 juillet 2002)
""An ka ansényé fransé dèpi on dizenn lanné. An koumansé travay an Giyan. Aba-la an té ka fè léson ba timoun adan lang natirèl ayo, adan kréyòl. Lè an vin Gwadloup an toujou travay èvè timoun ki pa ka rivé suiv adan lékòl. E kréyòl toujou sèvi mwen onlo.
[...] nou ka fè téyat an kréyòl, kont an kréyòl, é ou ka santi sé timoun la ka viv adan lang ayo. Yo kontan. Tala la rakonté jan papa'y ka tchouyé kochon, on dòt kijan gran manman-y mò é jan yo fè véyé'ay.... Nou ka travay on lo asi kilti an nou, mès é labitid an nou, valè an nou...
Gwadloupéyen pa té ni chans. Sa ki édé mwen sé pratik pédagojik an tini dèpi nanni nannan. Sa sèvi mwen onlo prinsipalman pou pasé loral la. E pou lékri, lè an rousouvwè nòt an mwen, an vwè an té pran on bèl davans. An ka pansé sé sa ki pénalizé kandida ki téni yenki on lisans an lang é kilti kréyòl, yo pa téni èspéryans a CAPES, yo pa téni pratik pédagojik nonplis, é yo pa ni tan té trapé pon fowmasyon pou préparé konkouw la. Erèzdibonnè an té ja travay kréyòl adan lékòl èvè timoun. An ka priédyé pou lanné prochenn yo mété on préparasyon an plas.""",http://creoles.free.fr/Cours/sainteloi.htm,2024-02-28T03:55:25Z,<urn:uuid:562f04fb-0019-43e2-bbc6-545fbdda11f6>,[],[],gcf-Latn,0.9,0.75,1.0,4,1308,tlsh:T1D861B621423097864FC117C1181D4D16F00433C4B4F63994B63D067838DC79A91B0E92A7EE9D578650BCDC8A0557A7F29E1A2A645C5971D4053BE27BEEBE0849BDE3321A7D
"Apré on Bac Litérè an Gwadloup, an pasé dé lanné lé Zété-Zini, é trapé on Associate of Arts in English & Psychology.
.::
2001-2002
An té Asistan Pwofésè an Anglé a Los Angeles Mission College, é an té ka édé étidyan an travay a-yo, espésyalman étidyan ka palé pangnôl.
.::
2004
Entèrprèt a Hong Kong é Séoul pou sosyété a Jé Vidéo.
.::
2007
Master an Anglé a Paris - Sorbonne. Sant Etid Médyéval Anglé.
Ki moun an yé ?
An fèt é an lévé an Gwadloup; é ""lang-manman""-mwen sé Fwansé é Kréyol Gwadloup . An toujou té enmé lang anlo, é an désidé an té ké étidyé litérati é lenguistik. Apardè Anglé é Pangnôl, an ka travay pou pwofondé konésans an mwen an Powtigé é Alman.",http://traduction-multilingue.com/index_kr.php?creole-translation=aki-tala,2024-02-25T08:12:50Z,<urn:uuid:8feb089a-6db5-4160-9a49-f8ffbab66c80>,['short_sentences'],[],gcf-Latn,0.78,0.67,1.0,6,731,tlsh:T114DD2C01C041DA7B0BC520F5924E9154505477CE68F4A234C1796CE96FFC65ED2B24A1E9DDE9FA2C20B8F9C4098BEA32C91685F40C7132D096F5FF7B8CF929095EF60609CA
"Misié té ka fè wol mò, pas anlo moun té lé téré’y avan i pati. Misié té ka fè koy lis lis yo jik kriyé’y Félis.
Antouléka i rivé genyen twa asou set étap la. Sa ki konnet lanmè té ja santi sa pas i anpami sé dé yol la ki pa koulé an prolog Robè a. Magré Aton fè tousa i té pé, magré tousa yodi konmkwa i té ké ni an vié yol, magré yo chanjé dat larivé a, pou mété’y mardi ousédi sa pa fè misié ayen.Bien okontrè.
Ni dé malpalan,(toujou ni) éti pa matjé pou di:
– Vié lodè wawet Robè, té ké an finaldikont an zenzen!
Lè’w bien gadé, sa pa opozé Félis genyen tour la pas sa té ka rivé an komin li.
Félis razé favori’y pou i té sa bien di i pa favori, ek pou pèsonn pa kwè i té favori pou toutbon. Sé bien sa éti yo kriyé fè wol mò pou wè ki manniè yo ka téré’y.
Dimanch asou an lanmè kalmisiré, yo rété pasé sétè anlè lanmè. Lanméri Ofranswa té jik oblijé limen limiè pou sé dènié pou sé dènié yol la. Asiré si i pa koulé i ké rivé douvan akay li Robè.
Andidan tour-tala, ni an bagay ki tris kanmenm. Piè jis ni mar apré pasé karannsizan ka pran lonbraj. I té bien anvi wè an kout yol tou. Lè yo pale misié di déviré an Frans pou fè an zafè lekzamen pou té ladjé an manniè définitiv. Sa fè’y ped tet-li.
Pou premié fwa an tour yol ka rivé le mardi, Félis désidé rivé douvan pas i té lé montré moun i poko té mò.
Jid
Sommaire Kréyolad
Viré monté
Bel poveb kréyol 722
«Tout soulié ni pié’y». - Jid
Pensez à signer le Livre d'Or !
Sonjé sinié livdò-la !
Forum:
Subscribe to RSS headline updates from:
Powered by FeedBurner
Les opinions et idées présentées sur le site appartiennent à leurs auteurs, elles ne représentent pas forcément celles du .",https://potomitan.info/duranty/kreyolad380.php,2024-02-29T18:23:29Z,<urn:uuid:30147c2b-df12-4807-b2af-e9c3239b3a88>,['footer' 'short_sentences'],[],gcf-Latn,0.71,0.62,0.99,13,1796,tlsh:T1E94C73310010EB8B0FEE52DB357ECE49841C2308CD69AE24377880B855F8A8E12755D3E72DCF9A4485FDEC84469BB767EB735521E48530C48D258A46FDB20D46AE92206CAA
"Luil ésansiyèl a vétivè (Vetiveria zizanioides, syn. Chrysopogon zizanioides) sé on luil kè nou ka rousouvwè onlo, plis kè sé lézòt la. An plis dè sa sé pi rèd la kè nou ni pou analizé. Déja pou yonn, ou ka touvé onlo sèskitèrpénoyid adan-y, é adan yo ni on pakèt kè nou pa konnèt. Pi mové ankò, aparèy la kè nou ka sèvi épiy, on GC, pa ka fè onlo diférans pou sèten adan yo. Kanmenm sa, nou kapab diw ki luil ou ni an men aw. Pas, dinenstan yo soti menm koté la (menm péyi la, menm réjion la) konpozisyon chimik a yo ka sanm onlo (Tablo 1). Ki vé di kè ou ka touvé près lé menm kantité a sé menm konpozé la.
Pa ni lontan dè sa, yo voyé on échantiyon (on ti tak luil) ban nou ki pa té ka sanm pon dòt. Nou pa té jen vwè konpozisyon la sa. Pou dé ka kon tala, pli souvan ki janmé sé pas on biten polué luil la, dòt lè sé pas on moun mété on dòt luil adan-y. Mè pas nou pa té ka touvé ki luil ou ki poluan sa té pé yé, sa té on ti mannyè rèd pou pé di plis biten asi sé rézilta la. Nou èspliké kliyan la kè dwèt té ni on pwoblèm, pas luil ay pa té ka sanm pon dòt kè nou té konnèt. É, nou diy sa nou té ka pansé asi sa. Kliyan la di nou kè asiré pa pétèt, mè pa té ni pon dôt luil adan-y, davwa sé moun la ki té fèy (on koopérativ a prodiktè an Papwazi di Wès) té ka travay yen ki èvè vétivè. Alôs i kriyé koopérativ la, é yo voyé rizonm (pyé a pyé vétivè la) la ban nou. Nou distilé luil la menm jan la ki yo. Nou fè tout biten kon yo. Apré sa nou analizé luil la é i té ni menm konpozisyon la ki échantiyon a yo. Kou la sa, nou té sèten kè té ni yen ki vétivè, sa té vlé di kè luil la yo té voyé ban nou té plis ki pwôp.
Tablo 1 : Moyèn a konsantrasyon (kantité %) a tout sé konpozé la ki pli enpòwtan adan on luil a vétivè. Nou mèt sé valè la kè nou miziré (ti bwen plis ki 100 analiz) anlè 3 variyété ki té ka soti dè Ayiti, dè Endonézi, dè End é ta Papwazi la.
Adan tablo l, nou mété yen ki sé konpozé la ki pli enpòwtan pas fo ou gadé an lespri aw kè luil la sa trè konplèks. Sé valè la ki adan tablo la, ka sanm sa i pé ni adan liv a lasians. An plis dè sa, nou touvé dé valè, adan travay a P. Champagnat et al.(1) pou dé variyété ki ka vin dè brézil, dè Salvadò, dè Mèksik, dè Chin, dè Réinyon é dè Madagaska. Kon nou menm, yo paa touvé on lo 10 épi-gama-eudésmol adan sé zot luil la, alòs kè ni on pil adan ta Papwazi la. Ni 3 Konpozé kè nou touvé yen ki adan vétivè a Papwazi la valérianol èvè alpha-agarofuranne é 4-épi-cis-dihydroagarofuranne. Dòt ékip (2,3) té ja touvé sé konpozé la sa adan dòt variyété, mè sa ra, é sé konsantrasyon la té fèb toubônman.
Tou sa pou di kè luil la pèp Méya ka fè an Papwazi di Wès pa ka sanm sé lé zôt la menm. Jis lòdè la pa menm la, i ka santi bon toubônman. É kon nou ka viv adan on sosyété ki toujou ka chèché dòt kalté luil, dé nouvoté, si yo pé sa vann li, sa té ké ba pèp Méya on bèl pal.
Istwa la sa fè nou sonjé, kè ni onlo biten kè nou ni pou dékouvè anlè sé plant aromatik la. Dé lè, nou pé kwè kè luil la pa bon, ou kè on moun mèt on biten adan-y, mè sé pas nou pa konnèt yo tout. Toujou ni on chans pou kè sé on « kémotip* » kè nou pa konnèt ou byen pou kè plant la ka soti dè on koté ki ispésial. An plis dè sa, istwa la sa, sé on bèl ègzanp ki ka montré nou ki jan sé prodiktè la, sé vandè la, sé laboratwa la pé travay ansanm pou touvé on mannyè pou soti adan dé sitiasyon kon ta la. Lè on laboratwa ka touvé on biten ki pa kay, i ni pou di kliyan ay ka i touvé. Sé on biten ki pé rèd a tann, mè dé lè, tou sèl ay, kliyan la pé pa sav ou asiré ka i ni adan luil ay. Pi bèl mannyè la pou i sèten dè sa i ni an men ay, sé dè travay èvè on laboratwa. Yo ké pé vérifié yo menm a yo tout biten. Yo ké pé ba kliyan la on atèstasyon pou kè, dinenstan sa vré, i pé ay kriyé tou wo kè i ka vann on nouvo pwodui.
*kémotip : (en. chemotype ) adan menm èspès la, dé lè ni dé plant ki pa ni menn konpozisyon chimik la. Kanmenm sa ou gadé yo èvè on mikroskop, ou ka vwè menm biten la. Ou ni pou testé konpozisyon ay, pou sav kè yo diféran. Nou ékri an lè sa isidan ,
Référans :
1- P. Champagnat, G. Figueredo, J.-C. Chalchat, J.-M. Bessiere. A Study on the Composition of Commercial Vetiveria zizanioides Oils from Different Geographical Origins. J. Essent. Oil Res., 2006, 18, 647.
2- N. Hanayama, F. Kido, R. Sakuma, H. Uda, A. Yoshikoshi. Tetrahedron Lett., 1968, 58, 6099.
3- P. Pripdeevech, S. Wongpornchai, P. Marriott. Comprehensive Two-Dimensional Gas Chromatography–Mass Spectrometry Analysis of Volatile Constituents in Thai Vetiver Root Oils Obtained by Using Different Extraction Methods. Phytochem. Anal., 2010, 21, 163.
Tansyon : Nou pa mandé pon moun lajan pou fè sé tès la kè nou té bizwen pou prézanté travay la sa. Nou fè yo pas nou té vlé sav é pas sa toujou intérésan lè konésans adan domèn an nou ka vansé.",https://phytochemia.com/en/2020/10/28/on-vetive-pa-kon-se-le-zot-la/,2024-02-28T22:35:33Z,<urn:uuid:3a921ba7-bed6-43e6-bda6-2274141a7d5f>,[],[],gcf-Latn,0.89,0.89,1.0,9,5128,tlsh:T1075232B184BAD7631FCF62E3652EDFA465182284F0121DE1677E9030B8D232871BBBD1E7AD9ED280906898D905A736338B37E4E138D831C11B69E15E6FB11A047EC12815FF
"Pou moun ki ka di kréyòl pé pa maké, sa pa vré, kréyòl sé on lang ki té yenki palé mè yo komansé maké’y dèpi lanné 1757 èvè on tèks tit a’y sé Lisette quitté la plaine makèdpawòl-la sé DUVIVIER DE LA MAHAUTIÈRE. Aprésa an lanné 1885, Alfred PARÉPOU on gwiyanè maké Atipa, ki sé prèmyé liv an kréyòl.
2. Ki jan nou ka maké kréyòl jòdijou ?
Jòdijou kréyòl ni larèl (règles) a’y, GEREC-F (Groupe d’Études et de recherches en espace Créolophone et Francophone) vwè jou an lanné 1976, sé wouchach a moun ki pèwmèt tousa fèt. Moun kon BERNABÉ maké liv otila i ka woupran tout larèl a lang kréyòl (pou ay pli lwen gadévwè Précis de syntaxe créole, Jean BERNABÉ).
Nou tini twa mannyè maké’y, GEREC 1 (standard) otila sé piplis gwadloupéyen ka sèvi èvè’y, GEREC 2 é sé matinikè ka woulé èvè’y é pou bout GEREC 3.
Sé twa mannyè maké-la :
GEREC 1 GEREC 2 GEREC 3
Mès Mes Mess
Pat Pat Patt
Pyé Pié pié
Kon tablo-la ka montré nou, GEREC 2 ka woté sé aksan-la asi « e » é « o » lèwvwè son-la pé pa chanjé. Kidonk sé on mannyè pou rann lèkti pli fasil.
Èvè GEREC 3-la « s » é « t » ka doublé apré on vwayèl (a, e, i, o, u) men lèwvwè i nazal i pa ka doublé (an, en, on).
Ès zò konprann ?
Aprézan nou kay gadé ki fòt ki ka wouvin piplis adan sé maké la. Souvantfwa moun ka gadé an lèspri a-yo mannyè fransé-la ka maké pou yo maké kréyòl men a pa konsa sa ka fèt.
Kréyòl pa tini pon lèt initil kidonk lè ou ka li’y ou ka sèvi èvè tout sé lèt-la.
Kifè pou maké « moi » an kréyòl sé « mwen » é pa « mwin » pas son « in » sé pou maké mo kontèl « lalin, farin ».
An fransé nou ka maké « fait » men an kréyòl sé « fè » pas kon an ja di zòt nou ka li tout sé lèt-la. Kidonk nou kay maké on fraz kontèl : « Tu me fais rire. » an kréyòl sa ka ban nou « Ou ka fè mwen ri. » Nou ka vwè an kréyòl pa ni pon lèt initil.
A ki moman nou ka doublé lèt-la ?
Pou nou maké mo kon « kann, bannann » nou ka maké son ã (an) èvè nou ka rajouté « n » pou fè son « n ».
Nou rivé an bout a jaden a Jak, mèsi pou lèkti a-zòt sa ka fè mwen plézi, an ka èspéré ou touvé sa té a gou a kè a’w. An ka di’w adan on dòt solèy !
Pa pè pozé mwen kèsyon si ni dé biten ki pa klè oben si ou vlé sav tibwen plis asi sa.
Bèl bo.
Publié le 5 octobre 2019 Par Chatengn
Catégorisé comme VIV LIB
1 commentaire
Alychouette dit :
6 octobre 2019 à 14 h 45 min
Mèsi an chay pou maké tala Chatengn !
Mwen ni ankò anlo travay pou aprann palé lang mwen é mwen ka trouvé sa bel di wè mannyè ou enmeny, mannyè ou sa paléy bel !",https://bokantajenes.alychouette.com/2019/10/05/oktob-kreyol/,2024-02-28T00:14:37Z,<urn:uuid:5cda3993-438c-4213-a308-9c499ad13ea1>,['footer' 'short_sentences'],[],gcf-Latn,0.77,0.84,0.98,19,2708,tlsh:T13A1361517721D7868FDEC1C61829DB78A2681189DDB77DB1BB2DB23C7B5AA5DB077D21DF6CADB7C0C189F89D162B12338D33815034AC34E4991890BBDF3B03057C5525B95A
